first_name,last_name,email,employee type,assigned project,position,work mode,last in
Broddie,Bolden,bbolden0@yellowpages.com,permanent,project 3,manager,field only,2/6/2022
Gerardo,Kolinsky,gkolinsky1@google.ru,permanent,project 3,assistant 1,field only,23/5/2022
Dona,Hamblington,dhamblington2@technorati.com,contract,project 5,manager,field and base,3/6/2022
Alice,Corgenvin,acorgenvin3@php.net,contract,project 3,team lead,field and base,
Dulcy,McNickle,dmcnickle4@mozilla.org,permanent,project 6,supervisor,field only,29/5/2022
Fair,Welldrake,fwelldrake5@sciencedirect.com,contract,project 4,team lead,field only,31/5/2022
Abbe,Theobold,atheobold6@youku.com,contract,project 2,assistant 1,field and base,29/5/2022
Jens,Knaggs,jknaggs7@mysql.com,contract,project 4,supervisor,field and base,3/6/2022
Jocko,Wiskar,jwiskar8@tmall.com,contract,project 4,supervisor,field only,27/5/2022
Hill,Faulds,hfaulds9@livejournal.com,permanent,project 3,team lead,field only,23/5/2022
Bruce,Jaquiss,bjaquissa@cbc.ca,permanent,project 1,team lead,field and base,1/6/2022
Calvin,Whates,cwhatesb@desdev.cn,permanent,project 5,supervisor,field only,23/5/2022
Grantham,Biasotti,gbiasottic@biglobe.ne.jp,contract,project 1,assistant 2,field and base,4/6/2022
Salli,Stanford,sstanfordd@deviantart.com,permanent,project 1,assistant 2,field and base,26/5/2022
Fidelio,Hadwick,fhadwicke@businessweek.com,contract,project 2,assistant 1,field only,31/5/2022
Barnabe,Yurenev,byurenevf@shareasale.com,contract,project 3,manager,field only,23/5/2022
Juliane,Nouch,jnouchg@wp.com,permanent,project 3,assistant 1,field only,28/5/2022
Cosmo,Ainsworth,cainsworthh@instagram.com,contract,project 2,team lead,field and base,26/5/2022
Dolph,Taffarello,dtaffarelloi@vk.com,contract,project 5,assistant 2,field and base,28/5/2022
Drucy,Barthorpe,dbarthorpej@mac.com,permanent,project 6,team lead,field and base,4/6/2022
Stirling,Maddicks,smaddicksk@t-online.de,permanent,project 4,manager,field and base,25/5/2022
Georgiana,Liverock,gliverockl@earthlink.net,contract,project 4,manager,field only,
Tallie,O'Carran,tocarranm@google.ru,contract,project 4,manager,field only,28/5/2022
Bonnee,Petters,bpettersn@purevolume.com,contract,project 5,manager,field and base,1/6/2022
Benni,Yeowell,byeowello@is.gd,contract,project 4,supervisor,field and base,3/6/2022
Westbrooke,Nassie,wnassiep@sakura.ne.jp,contract,project 4,team lead,field and base,24/5/2022
Joela,Frid,jfridq@gizmodo.com,permanent,project 6,manager,field only,1/6/2022
Glyn,Conisbee,gconisbeer@springer.com,permanent,project 4,supervisor,field and base,3/6/2022
Ulick,Seamer,useamers@github.io,permanent,project 1,assistant 2,field only,1/6/2022
Babbette,Lee,bleet@issuu.com,permanent,project 6,manager,field only,24/5/2022
Gusty,Kippen,gkippenu@clickbank.net,contract,project 1,supervisor,field only,23/5/2022
Phyllida,Simenot,psimenotv@salon.com,contract,project 2,assistant 2,field and base,29/5/2022
Lanna,Burth,lburthw@buzzfeed.com,permanent,project 1,assistant 2,field and base,26/5/2022
Julee,Stode,jstodex@blogspot.com,permanent,project 1,supervisor,field and base,24/5/2022
Leon,Billyeald,lbillyealdy@blogger.com,contract,project 4,manager,field only,28/5/2022
Cletis,Balham,cbalhamz@prweb.com,permanent,project 4,assistant 1,field only,29/5/2022
Alana,Atton,aatton10@thetimes.co.uk,permanent,project 2,manager,field and base,31/5/2022
Allistir,Tilney,atilney11@imgur.com,contract,project 4,team lead,field and base,
Britteny,Bonifazio,bbonifazio12@smh.com.au,permanent,project 1,assistant 1,field and base,27/5/2022
Lilias,Cheeseman,lcheeseman13@smugmug.com,contract,project 2,team lead,field only,23/5/2022
Torrey,Earengey,tearengey14@psu.edu,permanent,project 2,supervisor,field only,1/6/2022
Gherardo,Ibbott,gibbott15@bandcamp.com,contract,project 5,assistant 1,field only,1/6/2022
Drucill,Baudy,dbaudy16@ask.com,permanent,project 2,team lead,field and base,4/6/2022
Oran,Dagless,odagless17@opensource.org,contract,project 1,supervisor,field only,
Kendra,Tuminelli,ktuminelli18@icio.us,contract,project 1,assistant 1,field and base,27/5/2022
Jillayne,Figg,jfigg19@odnoklassniki.ru,permanent,project 3,supervisor,field and base,31/5/2022
Rory,Keiling,rkeiling1a@buzzfeed.com,permanent,project 3,manager,field and base,28/5/2022
Ibrahim,Thorouggood,ithorouggood1b@imdb.com,contract,project 1,supervisor,field and base,23/5/2022
Dorrie,Kilfoyle,dkilfoyle1c@hatena.ne.jp,permanent,project 1,team lead,field only,
Doro,Lapenna,dlapenna1d@independent.co.uk,contract,project 6,assistant 1,field and base,30/5/2022
Dale,Dallman,ddallman1e@apple.com,permanent,project 1,manager,field and base,25/5/2022
Jarrod,Cheesworth,jcheesworth1f@stumbleupon.com,permanent,project 3,manager,field only,4/6/2022
Nickie,Bartkiewicz,nbartkiewicz1g@seesaa.net,contract,project 4,team lead,field only,30/5/2022
Rochelle,Packington,rpackington1h@tumblr.com,contract,project 5,supervisor,field only,4/6/2022
Donal,Spawton,dspawton1i@joomla.org,permanent,project 6,team lead,field and base,
Jordana,Brangan,jbrangan1j@themeforest.net,permanent,project 5,assistant 1,field only,2/6/2022
Wilhelmine,Readwin,wreadwin1k@bloomberg.com,contract,project 5,manager,field and base,
Riva,Wellings,rwellings1l@smugmug.com,permanent,project 6,manager,field only,3/6/2022
Nertie,Folland,nfolland1m@devhub.com,contract,project 5,manager,field and base,26/5/2022
Maddie,Culbert,mculbert1n@nps.gov,contract,project 3,manager,field and base,29/5/2022
Ari,Davidoff,adavidoff1o@lycos.com,contract,project 5,manager,field only,4/6/2022
Abra,McGuggy,amcguggy1p@microsoft.com,contract,project 5,assistant 2,field and base,
Raimund,Bootman,rbootman1q@seesaa.net,permanent,project 3,team lead,field and base,28/5/2022
Katee,Churchouse,kchurchouse1r@washingtonpost.com,permanent,project 4,assistant 1,field only,23/5/2022
Horst,Kleinhandler,hkleinhandler1s@uol.com.br,contract,project 1,supervisor,field and base,4/6/2022
Lolita,Keel,lkeel1t@businessweek.com,contract,project 3,supervisor,field and base,24/5/2022
Tim,Kildea,tkildea1u@sphinn.com,permanent,project 5,assistant 2,field and base,25/5/2022
Willdon,Kryszka,wkryszka1v@phoca.cz,permanent,project 6,assistant 1,field only,
Lorrie,Danielsky,ldanielsky1w@jigsy.com,contract,project 2,manager,field only,3/6/2022
Munroe,Halling,mhalling1x@theguardian.com,contract,project 6,team lead,field only,25/5/2022
Barbe,Shipman,bshipman1y@vimeo.com,permanent,project 5,team lead,field only,24/5/2022
Andonis,Kiffin,akiffin1z@state.tx.us,permanent,project 4,team lead,field only,
Jesus,Antonucci,jantonucci20@odnoklassniki.ru,permanent,project 4,assistant 1,field and base,26/5/2022
Irving,Mughal,imughal21@state.gov,permanent,project 6,assistant 2,field only,
Valentia,Reisk,vreisk22@photobucket.com,permanent,project 6,assistant 1,field only,28/5/2022
Silva,Legging,slegging23@list-manage.com,contract,project 1,team lead,field and base,26/5/2022
Rodie,Soggee,rsoggee24@census.gov,contract,project 2,assistant 1,field only,30/5/2022
Son,Mees,smees25@fema.gov,permanent,project 1,team lead,field and base,
Merlina,Cacacie,mcacacie26@usa.gov,contract,project 1,assistant 2,field only,2/6/2022
Avie,Mulcahy,amulcahy27@marketwatch.com,contract,project 5,supervisor,field only,31/5/2022
Jack,Aleksankov,jaleksankov28@ycombinator.com,contract,project 5,assistant 2,field and base,26/5/2022
Ilse,Kid,ikid29@newsvine.com,contract,project 5,team lead,field only,3/6/2022
Monika,Reedy,mreedy2a@berkeley.edu,permanent,project 1,manager,field and base,
Magdalene,Jorn,mjorn2b@4shared.com,permanent,project 3,assistant 1,field and base,1/6/2022
Midge,Coverly,mcoverly2c@yellowpages.com,permanent,project 2,assistant 1,field and base,
Findley,Chilcotte,fchilcotte2d@opensource.org,contract,project 3,assistant 2,field and base,23/5/2022
Jenica,Fibbens,jfibbens2e@hubpages.com,permanent,project 4,supervisor,field only,
Jilleen,Eberz,jeberz2f@virginia.edu,permanent,project 3,team lead,field and base,24/5/2022
Berny,Pate,bpate2g@myspace.com,contract,project 6,assistant 2,field and base,29/5/2022
Gustavo,Mitchener,gmitchener2h@examiner.com,contract,project 5,supervisor,field and base,25/5/2022
Benedicto,Jimes,bjimes2i@mtv.com,permanent,project 5,supervisor,field and base,24/5/2022
Jeane,Connold,jconnold2j@amazon.co.uk,permanent,project 1,assistant 1,field only,29/5/2022
Gun,Boniface,gboniface2k@mac.com,contract,project 1,supervisor,field only,
Joaquin,Lightewood,jlightewood2l@sina.com.cn,contract,project 3,team lead,field and base,24/5/2022
Matty,Watson-Brown,mwatsonbrown2m@merriam-webster.com,contract,project 1,assistant 2,field and base,2/6/2022
Hamilton,Wadesworth,hwadesworth2n@google.co.jp,permanent,project 6,team lead,field only,23/5/2022
Dreddy,Croad,dcroad2o@photobucket.com,contract,project 6,assistant 2,field and base,2/6/2022
Danika,Torri,dtorri2p@networkadvertising.org,permanent,project 5,assistant 1,field and base,
Kessiah,Bargery,kbargery2q@wiley.com,permanent,project 2,manager,field only,
Norbie,Lascell,nlascell2r@geocities.com,permanent,project 2,assistant 2,field and base,26/5/2022
Lennie,Leedal,lleedal2s@webeden.co.uk,contract,project 5,supervisor,field and base,
Niles,Ardling,nardling2t@salon.com,permanent,project 3,manager,field only,
Anet,O'Shavlan,aoshavlan2u@nyu.edu,contract,project 1,team lead,field and base,29/5/2022
Thacher,Ghiotto,tghiotto2v@nhs.uk,permanent,project 3,assistant 1,field and base,23/5/2022
Ora,Detoile,odetoile2w@theglobeandmail.com,contract,project 3,assistant 2,field and base,27/5/2022
Lethia,Izhaky,lizhaky2x@nyu.edu,permanent,project 2,supervisor,field and base,2/6/2022
Allyce,Skingle,askingle2y@nhs.uk,contract,project 6,assistant 2,field and base,30/5/2022
Lisle,Doughty,ldoughty2z@ameblo.jp,permanent,project 5,manager,field and base,26/5/2022
Lesly,Catlette,lcatlette30@cnet.com,contract,project 5,supervisor,field only,
Evangelin,Geale,egeale31@shareasale.com,permanent,project 3,assistant 2,field and base,31/5/2022
Issie,Devin,idevin32@123-reg.co.uk,permanent,project 1,assistant 1,field only,31/5/2022
Yank,Ramme,yramme33@apple.com,contract,project 6,team lead,field only,4/6/2022
Augustina,Ratie,aratie34@instagram.com,contract,project 6,assistant 2,field only,3/6/2022
Tiebout,Lanceter,tlanceter35@pbs.org,permanent,project 5,assistant 1,field and base,3/6/2022
Garek,Langhorne,glanghorne36@statcounter.com,permanent,project 5,team lead,field and base,31/5/2022
Elna,Ilive,eilive37@yellowbook.com,contract,project 2,assistant 2,field and base,1/6/2022
Reggy,Follitt,rfollitt38@t-online.de,permanent,project 4,team lead,field only,1/6/2022
Kimmy,Byas,kbyas39@wix.com,permanent,project 4,manager,field and base,
Ade,Silver,asilver3a@rakuten.co.jp,contract,project 2,supervisor,field only,
Josefina,Skellion,jskellion3b@theatlantic.com,permanent,project 4,supervisor,field only,2/6/2022
Nicoline,Marishenko,nmarishenko3c@goodreads.com,contract,project 3,supervisor,field and base,25/5/2022
Aleece,Keitley,akeitley3d@bbb.org,contract,project 5,assistant 2,field and base,30/5/2022
Berty,Haines,bhaines3e@studiopress.com,permanent,project 3,supervisor,field and base,
Lissie,Stoffels,lstoffels3f@1und1.de,contract,project 2,assistant 2,field only,2/6/2022
Lyman,Ollie,lollie3g@usda.gov,permanent,project 6,assistant 1,field only,3/6/2022
Laurice,Chark,lchark3h@trellian.com,permanent,project 2,assistant 1,field only,3/6/2022
Fergus,Moakes,fmoakes3i@statcounter.com,permanent,project 1,supervisor,field only,4/6/2022
Sergent,Stotherfield,sstotherfield3j@hud.gov,permanent,project 4,assistant 2,field and base,26/5/2022
Delmar,Drayson,ddrayson3k@123-reg.co.uk,contract,project 2,assistant 1,field and base,30/5/2022
Lenore,Ferenc,lferenc3l@naver.com,contract,project 2,assistant 1,field only,24/5/2022
Patrice,Cullrford,pcullrford3m@omniture.com,contract,project 5,team lead,field only,24/5/2022
Ado,Dunkerton,adunkerton3n@yahoo.com,contract,project 5,assistant 1,field only,3/6/2022
Leighton,Ludron,lludron3o@gravatar.com,contract,project 6,supervisor,field only,28/5/2022
Mathias,Chadwen,mchadwen3p@slashdot.org,contract,project 3,supervisor,field and base,28/5/2022
Shirlee,Chasteney,schasteney3q@nature.com,permanent,project 6,assistant 2,field and base,30/5/2022
Kristan,Holgan,kholgan3r@shareasale.com,permanent,project 4,assistant 1,field only,24/5/2022
Elsinore,Boecke,eboecke3s@phpbb.com,permanent,project 2,manager,field only,31/5/2022
Libbie,Jeffcoat,ljeffcoat3t@smugmug.com,permanent,project 4,assistant 1,field and base,24/5/2022
Hubert,Tripney,htripney3u@nbcnews.com,permanent,project 1,supervisor,field and base,2/6/2022
Teddie,O'Doghesty,todoghesty3v@virginia.edu,contract,project 4,team lead,field and base,1/6/2022
Vergil,Tollet,vtollet3w@istockphoto.com,permanent,project 2,manager,field only,
Petra,Gorling,pgorling3x@godaddy.com,permanent,project 5,manager,field only,30/5/2022
Cortney,Faire,cfaire3y@infoseek.co.jp,permanent,project 5,supervisor,field only,
Currey,Mouat,cmouat3z@cargocollective.com,permanent,project 1,assistant 2,field only,
Esra,Harvie,eharvie40@usatoday.com,permanent,project 6,manager,field and base,31/5/2022
Neilla,Barke,nbarke41@psu.edu,permanent,project 1,supervisor,field and base,
Conrado,Dearn,cdearn42@hhs.gov,permanent,project 6,manager,field and base,
Clarissa,Bickell,cbickell43@japanpost.jp,permanent,project 3,assistant 2,field and base,24/5/2022
Jessalin,Franklyn,jfranklyn44@ox.ac.uk,permanent,project 1,supervisor,field and base,28/5/2022
Willette,Anslow,wanslow45@miitbeian.gov.cn,contract,project 2,assistant 2,field only,30/5/2022
Aleksandr,Izkovitz,aizkovitz46@weebly.com,permanent,project 2,assistant 2,field only,4/6/2022
Giusto,Hiscocks,ghiscocks47@github.io,contract,project 1,team lead,field and base,26/5/2022
Vernen,Frisby,vfrisby48@deviantart.com,permanent,project 2,manager,field and base,23/5/2022
Felicia,Swapp,fswapp49@skyrock.com,permanent,project 6,assistant 2,field only,24/5/2022
Coraline,Ratledge,cratledge4a@prweb.com,permanent,project 1,supervisor,field only,24/5/2022
Alair,Hotton,ahotton4b@hugedomains.com,contract,project 4,supervisor,field only,29/5/2022
Friedrich,Tyas,ftyas4c@gizmodo.com,permanent,project 2,assistant 1,field and base,
Oswald,Ebbens,oebbens4d@g.co,permanent,project 6,assistant 1,field and base,
Addia,Gearing,agearing4e@buzzfeed.com,contract,project 4,assistant 2,field only,4/6/2022
Lizabeth,Kittiman,lkittiman4f@arizona.edu,contract,project 6,supervisor,field and base,28/5/2022
Carolyne,Amoore,camoore4g@naver.com,contract,project 4,manager,field only,2/6/2022
Nicolea,Dodell,ndodell4h@dailymotion.com,contract,project 1,supervisor,field and base,23/5/2022
Rosalinda,Durgan,rdurgan4i@tinyurl.com,permanent,project 6,manager,field only,2/6/2022
Melloney,McConachie,mmcconachie4j@tinypic.com,contract,project 6,assistant 1,field only,23/5/2022
Shalne,Clemence,sclemence4k@miitbeian.gov.cn,permanent,project 6,supervisor,field and base,26/5/2022
Gibbie,Folan,gfolan4l@google.es,contract,project 6,supervisor,field and base,3/6/2022
Aguie,Macbane,amacbane4m@about.com,contract,project 1,assistant 2,field and base,24/5/2022
Harvey,Petroselli,hpetroselli4n@marketwatch.com,contract,project 3,manager,field only,30/5/2022
Hastings,Darville,hdarville4o@rambler.ru,permanent,project 3,assistant 1,field only,23/5/2022
Coleen,Kantor,ckantor4p@walmart.com,contract,project 5,assistant 1,field only,
Myrah,Blinerman,mblinerman4q@posterous.com,permanent,project 5,assistant 1,field only,24/5/2022
Yevette,Rizzolo,yrizzolo4r@histats.com,permanent,project 6,assistant 1,field and base,30/5/2022
Emmit,Haywood,ehaywood4s@opera.com,contract,project 4,manager,field and base,31/5/2022
Vincenty,Baudino,vbaudino4t@wisc.edu,permanent,project 1,assistant 1,field only,3/6/2022
Mitch,Woodland,mwoodland4u@nifty.com,contract,project 2,assistant 2,field only,
Karlens,Wilce,kwilce4v@columbia.edu,contract,project 2,supervisor,field and base,27/5/2022
Olva,Berkely,oberkely4w@webmd.com,permanent,project 1,supervisor,field only,
Burgess,Bresson,bbresson4x@youtu.be,permanent,project 5,supervisor,field and base,27/5/2022
Cyrille,Habergham,chabergham4y@sphinn.com,permanent,project 4,assistant 2,field and base,29/5/2022
Englebert,Harnetty,eharnetty4z@illinois.edu,permanent,project 5,supervisor,field only,30/5/2022
Vick,Friedenbach,vfriedenbach50@networkadvertising.org,permanent,project 5,assistant 2,field and base,
Carine,Giacopini,cgiacopini51@posterous.com,permanent,project 5,supervisor,field only,1/6/2022
Joceline,Parsons,jparsons52@imdb.com,permanent,project 2,assistant 2,field only,31/5/2022
Oralia,Stair,ostair53@cpanel.net,contract,project 2,assistant 1,field only,1/6/2022
Fidelia,Floyd,ffloyd54@behance.net,permanent,project 2,assistant 2,field and base,28/5/2022
Conny,Eim,ceim55@psu.edu,permanent,project 4,manager,field and base,24/5/2022
Delinda,Del Castello,ddelcastello56@ocn.ne.jp,permanent,project 3,manager,field and base,1/6/2022
Humbert,Spong,hspong57@mashable.com,contract,project 4,manager,field only,27/5/2022
Ruby,Coetzee,rcoetzee58@state.gov,permanent,project 6,supervisor,field only,
Murvyn,Killingbeck,mkillingbeck59@sourceforge.net,permanent,project 6,assistant 2,field and base,3/6/2022
Konstanze,Clethro,kclethro5a@cafepress.com,contract,project 6,manager,field and base,23/5/2022
Cinderella,Sellwood,csellwood5b@mlb.com,permanent,project 4,supervisor,field only,25/5/2022
Chiquia,Duckett,cduckett5c@yandex.ru,contract,project 2,manager,field only,23/5/2022
Brigida,Hackworthy,bhackworthy5d@archive.org,permanent,project 4,supervisor,field and base,3/6/2022
Sheffield,Berndsen,sberndsen5e@ucsd.edu,permanent,project 2,supervisor,field only,2/6/2022
Abbe,Clelle,aclelle5f@time.com,permanent,project 2,supervisor,field and base,24/5/2022
Amity,Fazan,afazan5g@ycombinator.com,permanent,project 3,manager,field and base,
Brantley,Szach,bszach5h@home.pl,contract,project 5,manager,field only,
Gilbert,Dood,gdood5i@boston.com,permanent,project 3,team lead,field and base,3/6/2022
Patrice,Curado,pcurado5j@home.pl,contract,project 3,supervisor,field and base,30/5/2022
Oralie,Ollive,oollive5k@craigslist.org,contract,project 6,supervisor,field and base,2/6/2022
Patience,Worvell,pworvell5l@yellowpages.com,contract,project 3,assistant 2,field only,3/6/2022
Zabrina,Surr,zsurr5m@ftc.gov,contract,project 2,manager,field and base,2/6/2022
Lisha,Dunkerly,ldunkerly5n@discovery.com,permanent,project 6,team lead,field only,3/6/2022
Carce,Pettigree,cpettigree5o@de.vu,contract,project 4,assistant 1,field and base,30/5/2022
Clara,Garley,cgarley5p@youku.com,contract,project 4,manager,field and base,25/5/2022
Felice,Duffet,fduffet5q@printfriendly.com,permanent,project 5,manager,field and base,3/6/2022
Benedicta,Armell,barmell5r@nsw.gov.au,contract,project 5,assistant 2,field and base,23/5/2022
Trix,Hadigate,thadigate5s@yahoo.com,contract,project 5,manager,field only,
Mela,Huison,mhuison5t@skyrock.com,contract,project 6,team lead,field and base,
Minetta,Hillburn,mhillburn5u@vk.com,contract,project 4,team lead,field and base,
Eustacia,Davenall,edavenall5v@google.es,contract,project 3,manager,field and base,28/5/2022
Stephan,Colecrough,scolecrough5w@hugedomains.com,contract,project 1,assistant 1,field and base,4/6/2022
Leroi,Whereat,lwhereat5x@google.it,contract,project 3,supervisor,field and base,24/5/2022
Genvieve,Itscovitz,gitscovitz5y@comsenz.com,contract,project 1,assistant 2,field only,1/6/2022
Pablo,Casajuana,pcasajuana5z@wordpress.com,contract,project 1,manager,field only,24/5/2022
Karel,Ruffle,kruffle60@imgur.com,contract,project 3,supervisor,field only,24/5/2022
Ira,Kidby,ikidby61@hc360.com,contract,project 4,assistant 2,field and base,30/5/2022
Jesse,Anscott,janscott62@reference.com,contract,project 3,team lead,field only,
Cassandra,Ormistone,cormistone63@dell.com,contract,project 2,assistant 1,field only,
Torry,Addess,taddess64@patch.com,permanent,project 1,assistant 1,field and base,27/5/2022
Renard,Sherburn,rsherburn65@google.com.br,contract,project 5,team lead,field and base,4/6/2022
Lesley,Allso,lallso66@foxnews.com,contract,project 1,assistant 2,field only,29/5/2022
Aldwin,Varvell,avarvell67@barnesandnoble.com,permanent,project 3,team lead,field and base,26/5/2022
Marcile,Casebourne,mcasebourne68@nasa.gov,permanent,project 4,team lead,field only,25/5/2022
Avigdor,Holtaway,aholtaway69@cbc.ca,permanent,project 1,assistant 1,field only,23/5/2022
Cathie,Theunissen,ctheunissen6a@github.com,permanent,project 3,manager,field and base,27/5/2022
Turner,Bulch,tbulch6b@devhub.com,permanent,project 5,assistant 2,field only,28/5/2022
Kissiah,Chezelle,kchezelle6c@cocolog-nifty.com,contract,project 2,team lead,field and base,2/6/2022
Carley,O'Dowgaine,codowgaine6d@fda.gov,contract,project 3,assistant 2,field and base,27/5/2022
Sella,Tuley,stuley6e@studiopress.com,permanent,project 4,manager,field and base,
Shay,Vint,svint6f@loc.gov,permanent,project 4,assistant 1,field and base,3/6/2022
Parry,Bavridge,pbavridge6g@networkadvertising.org,permanent,project 6,manager,field and base,1/6/2022
Halsey,Braywood,hbraywood6h@umn.edu,permanent,project 4,supervisor,field and base,29/5/2022
Laverne,Reuther,lreuther6i@newsvine.com,permanent,project 3,team lead,field and base,25/5/2022
Aryn,Matczak,amatczak6j@google.com.hk,contract,project 5,assistant 1,field only,31/5/2022
Cookie,Datte,cdatte6k@pcworld.com,contract,project 1,manager,field and base,28/5/2022
Gill,Boag,gboag6l@auda.org.au,contract,project 3,team lead,field only,4/6/2022
Rosabel,Coulbeck,rcoulbeck6m@exblog.jp,contract,project 4,manager,field only,
Camellia,Scandroot,cscandroot6n@etsy.com,contract,project 4,assistant 2,field and base,4/6/2022
Michal,Lind,mlind6o@printfriendly.com,contract,project 6,assistant 1,field and base,
Rosita,Alvis,ralvis6p@dailymotion.com,permanent,project 5,assistant 2,field only,26/5/2022
Boote,Shoreman,bshoreman6q@studiopress.com,permanent,project 6,assistant 2,field and base,31/5/2022
Caryn,Tremayne,ctremayne6r@arizona.edu,permanent,project 1,supervisor,field only,26/5/2022
Annabelle,De Winton,adewinton6s@disqus.com,permanent,project 1,assistant 1,field and base,24/5/2022
Pearce,Willgrass,pwillgrass6t@angelfire.com,contract,project 6,manager,field only,23/5/2022
Katerina,Dunderdale,kdunderdale6u@ebay.co.uk,contract,project 4,assistant 1,field only,25/5/2022
Karon,Peres,kperes6v@ow.ly,contract,project 4,assistant 2,field and base,
Gael,Franssen,gfranssen6w@miibeian.gov.cn,permanent,project 5,supervisor,field and base,26/5/2022
Sig,Stafford,sstafford6x@archive.org,contract,project 5,assistant 1,field only,29/5/2022
Bord,McGurk,bmcgurk6y@rediff.com,permanent,project 5,supervisor,field only,28/5/2022
Jackson,Sparshutt,jsparshutt6z@1688.com,contract,project 5,assistant 1,field and base,1/6/2022
North,McCorley,nmccorley70@miibeian.gov.cn,permanent,project 6,team lead,field and base,29/5/2022
Priscilla,Lawly,plawly71@w3.org,permanent,project 3,manager,field only,29/5/2022
Cesya,Jennens,cjennens72@oakley.com,permanent,project 6,assistant 1,field and base,29/5/2022
Jamill,Norton,jnorton73@lycos.com,contract,project 1,team lead,field only,3/6/2022
Egan,Edwins,eedwins74@1und1.de,permanent,project 4,manager,field and base,
Danielle,Burstowe,dburstowe75@facebook.com,contract,project 2,manager,field and base,3/6/2022
Rasia,Philbrick,rphilbrick76@hao123.com,permanent,project 5,supervisor,field only,23/5/2022
Aluin,Upjohn,aupjohn77@eepurl.com,permanent,project 5,assistant 2,field only,
Denni,Lesek,dlesek78@theguardian.com,permanent,project 2,supervisor,field only,2/6/2022
Micah,Duiged,mduiged79@parallels.com,contract,project 2,supervisor,field and base,26/5/2022
Hyacinthe,Daynter,hdaynter7a@cocolog-nifty.com,contract,project 6,supervisor,field only,25/5/2022
Bernardine,Lillgard,blillgard7b@ucoz.ru,contract,project 6,team lead,field only,27/5/2022
Bernardo,Lattin,blattin7c@cisco.com,permanent,project 5,assistant 2,field only,27/5/2022
Kimberli,Sachno,ksachno7d@microsoft.com,permanent,project 4,manager,field only,
Myrtie,Rennard,mrennard7e@mozilla.org,contract,project 2,supervisor,field and base,28/5/2022
Gallagher,Ortner,gortner7f@microsoft.com,contract,project 4,team lead,field only,
Lorinda,Gerant,lgerant7g@usda.gov,contract,project 1,team lead,field and base,1/6/2022
Gino,Minmagh,gminmagh7h@usda.gov,contract,project 2,manager,field and base,24/5/2022
Deeanne,Scoyne,dscoyne7i@baidu.com,permanent,project 4,team lead,field only,30/5/2022
Balduin,Halesworth,bhalesworth7j@bloglines.com,contract,project 6,assistant 2,field only,27/5/2022
Jory,Ommundsen,jommundsen7k@imgur.com,permanent,project 2,team lead,field and base,27/5/2022
Fergus,Tupling,ftupling7l@csmonitor.com,permanent,project 1,team lead,field and base,31/5/2022
Melvyn,Coburn,mcoburn7m@cdbaby.com,contract,project 3,assistant 1,field only,26/5/2022
Meggie,Haseley,mhaseley7n@webs.com,contract,project 5,manager,field only,26/5/2022
Gunter,Pavlata,gpavlata7o@pcworld.com,permanent,project 4,assistant 1,field and base,26/5/2022
Nowell,Moorman,nmoorman7p@wikimedia.org,permanent,project 3,supervisor,field only,27/5/2022
Rebekkah,Boadby,rboadby7q@army.mil,permanent,project 3,manager,field only,2/6/2022
Farrand,Mence,fmence7r@mac.com,permanent,project 4,assistant 2,field only,28/5/2022
Kennan,Reboulet,kreboulet7s@noaa.gov,permanent,project 4,supervisor,field and base,1/6/2022
Suzette,Pitford,spitford7t@delicious.com,permanent,project 4,manager,field and base,4/6/2022
Sonnie,Woodyear,swoodyear7u@usa.gov,contract,project 3,manager,field and base,4/6/2022
Jeramey,Gauch,jgauch7v@bloglines.com,contract,project 2,team lead,field only,3/6/2022
Franklyn,Kelway,fkelway7w@w3.org,contract,project 1,supervisor,field and base,25/5/2022
Glennie,Rapper,grapper7x@army.mil,contract,project 1,assistant 1,field only,25/5/2022
Mae,Trattles,mtrattles7y@elegantthemes.com,permanent,project 4,team lead,field only,31/5/2022
Allyce,Hirsthouse,ahirsthouse7z@europa.eu,permanent,project 1,team lead,field only,28/5/2022
Patty,Pagon,ppagon80@state.tx.us,contract,project 3,manager,field only,
Richard,Pactat,rpactat81@elegantthemes.com,contract,project 5,team lead,field and base,25/5/2022
Mel,Nizard,mnizard82@godaddy.com,permanent,project 3,assistant 1,field and base,1/6/2022
Issy,Rowswell,irowswell83@indiegogo.com,permanent,project 2,assistant 2,field and base,
Chalmers,Devey,cdevey84@youku.com,permanent,project 4,manager,field and base,31/5/2022
Raven,Makinson,rmakinson85@youtube.com,contract,project 5,supervisor,field and base,28/5/2022
Maje,Capinetti,mcapinetti86@webs.com,contract,project 3,manager,field and base,29/5/2022
Jefferson,Ion,jion87@vistaprint.com,contract,project 2,assistant 1,field and base,26/5/2022
Flossie,Hammill,fhammill88@theatlantic.com,permanent,project 5,manager,field only,30/5/2022
Sherline,Carnegy,scarnegy89@livejournal.com,permanent,project 4,assistant 2,field and base,31/5/2022
Aaron,Oboy,aoboy8a@census.gov,permanent,project 2,supervisor,field only,31/5/2022
Geneva,Duligal,gduligal8b@geocities.com,contract,project 1,team lead,field only,23/5/2022
Torrance,Idle,tidle8c@mozilla.com,permanent,project 1,manager,field only,31/5/2022
Hilary,Biasini,hbiasini8d@cornell.edu,permanent,project 5,supervisor,field and base,24/5/2022
Benyamin,Dowdney,bdowdney8e@tripadvisor.com,permanent,project 3,manager,field only,29/5/2022
Wolfy,Towhey,wtowhey8f@last.fm,permanent,project 2,assistant 2,field and base,28/5/2022
Eduard,Eyes,eeyes8g@mediafire.com,permanent,project 2,assistant 2,field and base,24/5/2022
Zondra,Galbreth,zgalbreth8h@who.int,permanent,project 5,team lead,field and base,25/5/2022
Renault,Wayper,rwayper8i@yale.edu,permanent,project 2,manager,field and base,23/5/2022
Keelby,Brabender,kbrabender8j@cdc.gov,permanent,project 1,assistant 2,field and base,
Mireielle,Fontell,mfontell8k@cnbc.com,contract,project 5,assistant 1,field only,23/5/2022
Joela,Meaders,jmeaders8l@sciencedaily.com,permanent,project 5,assistant 2,field only,
Moyna,Furmedge,mfurmedge8m@shinystat.com,contract,project 1,team lead,field and base,3/6/2022
Hew,Clubbe,hclubbe8n@reuters.com,contract,project 4,supervisor,field and base,3/6/2022
Ester,Slafford,eslafford8o@vkontakte.ru,contract,project 3,manager,field and base,30/5/2022
Eustacia,Mendenhall,emendenhall8p@indiegogo.com,contract,project 2,team lead,field and base,1/6/2022
Myrvyn,Eunson,meunson8q@disqus.com,permanent,project 5,manager,field only,
Melodie,Choulerton,mchoulerton8r@elegantthemes.com,contract,project 6,team lead,field and base,1/6/2022
Hale,Dodgson,hdodgson8s@simplemachines.org,permanent,project 1,manager,field and base,25/5/2022
Erda,Paule,epaule8t@princeton.edu,permanent,project 3,team lead,field and base,4/6/2022
Nikita,Sauvain,nsauvain8u@twitter.com,permanent,project 4,assistant 1,field and base,
Jedidiah,Doers,jdoers8v@illinois.edu,contract,project 1,assistant 1,field and base,2/6/2022
Arabelle,Fawdrie,afawdrie8w@pagesperso-orange.fr,contract,project 4,supervisor,field only,2/6/2022
Idalina,Chattey,ichattey8x@ifeng.com,contract,project 2,manager,field and base,24/5/2022
Tamiko,Spores,tspores8y@nydailynews.com,contract,project 3,team lead,field and base,3/6/2022
Pebrook,Farnsworth,pfarnsworth8z@wunderground.com,contract,project 3,supervisor,field and base,31/5/2022
Deane,Llorente,dllorente90@wufoo.com,contract,project 4,manager,field only,28/5/2022
Terrie,Berston,tberston91@ycombinator.com,contract,project 2,assistant 2,field and base,31/5/2022
Zelig,Daout,zdaout92@howstuffworks.com,permanent,project 4,team lead,field and base,3/6/2022
Chlo,Paradin,cparadin93@wikimedia.org,permanent,project 1,assistant 2,field and base,31/5/2022
Isidro,Lucas,ilucas94@bloomberg.com,contract,project 6,assistant 2,field only,30/5/2022
Lynea,Skirling,lskirling95@icio.us,permanent,project 1,team lead,field only,31/5/2022
Belva,Dods,bdods96@ovh.net,permanent,project 6,assistant 2,field only,4/6/2022
Eudora,Pannaman,epannaman97@baidu.com,contract,project 1,supervisor,field only,2/6/2022
Tabbatha,Wardhaugh,twardhaugh98@skyrock.com,permanent,project 6,assistant 2,field and base,28/5/2022
Nixie,Aucott,naucott99@amazon.co.jp,permanent,project 3,assistant 1,field and base,24/5/2022
Garland,Noblett,gnoblett9a@blog.com,contract,project 2,supervisor,field only,3/6/2022
Catherina,De Francisci,cdefrancisci9b@ted.com,contract,project 4,team lead,field and base,30/5/2022
Ulises,Enocksson,uenocksson9c@cargocollective.com,contract,project 3,assistant 1,field only,1/6/2022
Neile,Killich,nkillich9d@gmpg.org,contract,project 1,team lead,field only,24/5/2022
Cassie,Slainey,cslainey9e@state.tx.us,contract,project 6,assistant 2,field only,31/5/2022
Dominic,Jaskiewicz,djaskiewicz9f@vk.com,permanent,project 5,supervisor,field and base,26/5/2022
Demetris,Kidson,dkidson9g@mozilla.com,contract,project 3,team lead,field only,2/6/2022
Georgie,Overthrow,goverthrow9h@hatena.ne.jp,contract,project 6,team lead,field and base,29/5/2022
Emelyne,Dubois,edubois9i@narod.ru,permanent,project 5,manager,field only,28/5/2022
Garik,Tarply,gtarply9j@fc2.com,contract,project 3,team lead,field and base,25/5/2022
Aymer,Rugiero,arugiero9k@biglobe.ne.jp,contract,project 2,team lead,field and base,
Marga,Yacob,myacob9l@soup.io,permanent,project 6,assistant 2,field and base,27/5/2022
Ray,Brewer,rbrewer9m@ebay.co.uk,permanent,project 4,supervisor,field only,29/5/2022
Porty,Markova,pmarkova9n@mit.edu,permanent,project 4,supervisor,field only,24/5/2022
Louisa,Ravel,lravel9o@reddit.com,permanent,project 2,assistant 1,field and base,25/5/2022
Ashil,Molson,amolson9p@oakley.com,contract,project 6,assistant 2,field only,26/5/2022
Graham,Gegg,ggegg9q@dagondesign.com,contract,project 1,team lead,field only,2/6/2022
Chrysa,Philipsson,cphilipsson9r@vinaora.com,contract,project 2,supervisor,field only,26/5/2022
Craggie,Coulsen,ccoulsen9s@1und1.de,permanent,project 2,assistant 1,field only,
Trey,Paddle,tpaddle9t@list-manage.com,permanent,project 1,supervisor,field only,26/5/2022
Charlton,Crucitti,ccrucitti9u@senate.gov,permanent,project 1,team lead,field and base,
Damian,Yakunin,dyakunin9v@cnn.com,contract,project 4,assistant 1,field and base,26/5/2022
Stanton,Pellington,spellington9w@example.com,permanent,project 4,assistant 1,field and base,28/5/2022
Letisha,Gladtbach,lgladtbach9x@craigslist.org,contract,project 2,assistant 1,field and base,26/5/2022
Lorilyn,Rapinett,lrapinett9y@sbwire.com,permanent,project 1,team lead,field only,29/5/2022
Rorke,Jarrette,rjarrette9z@biblegateway.com,permanent,project 5,team lead,field only,
Veda,Edney,vedneya0@senate.gov,permanent,project 3,assistant 1,field only,29/5/2022
John,Fredi,jfredia1@i2i.jp,permanent,project 3,assistant 2,field and base,23/5/2022
Tedi,Scrivens,tscrivensa2@about.me,contract,project 3,team lead,field only,25/5/2022
Alis,Clubb,aclubba3@example.com,contract,project 2,manager,field only,28/5/2022
Lelia,Ayce,laycea4@cam.ac.uk,contract,project 6,assistant 2,field and base,25/5/2022
Maurits,Bennedick,mbennedicka5@so-net.ne.jp,permanent,project 4,assistant 1,field and base,
Wat,Swaby,wswabya6@xrea.com,contract,project 2,manager,field only,23/5/2022
Hayward,Willingale,hwillingalea7@apache.org,contract,project 4,manager,field only,4/6/2022
Fancy,Wynett,fwynetta8@hubpages.com,permanent,project 2,manager,field and base,30/5/2022
Amelie,Alwin,aalwina9@washingtonpost.com,permanent,project 2,assistant 1,field and base,30/5/2022
Skippie,Threlfall,sthrelfallaa@ifeng.com,contract,project 3,assistant 2,field only,3/6/2022
Enrika,Bodd,eboddab@telegraph.co.uk,contract,project 4,assistant 1,field and base,23/5/2022
Ives,Boyes,iboyesac@microsoft.com,permanent,project 1,supervisor,field and base,1/6/2022
Sammy,Giampietro,sgiampietroad@tumblr.com,permanent,project 1,manager,field only,
Brina,Torrent,btorrentae@wix.com,permanent,project 3,assistant 2,field and base,4/6/2022
Oralia,Klemmt,oklemmtaf@infoseek.co.jp,contract,project 6,team lead,field and base,1/6/2022
Rinaldo,Jakolevitch,rjakolevitchag@weibo.com,permanent,project 4,team lead,field and base,27/5/2022
Pris,Maud,pmaudah@123-reg.co.uk,permanent,project 6,assistant 2,field and base,28/5/2022
Renard,Coryndon,rcoryndonai@rambler.ru,contract,project 1,team lead,field and base,28/5/2022
Evonne,Hyndson,ehyndsonaj@hexun.com,permanent,project 3,supervisor,field and base,1/6/2022
Carilyn,Bissex,cbissexak@posterous.com,permanent,project 5,supervisor,field and base,1/6/2022
Orelee,Vallentin,ovallentinal@redcross.org,permanent,project 1,team lead,field and base,31/5/2022
Lenci,Cranny,lcrannyam@eventbrite.com,permanent,project 2,team lead,field only,3/6/2022
Davey,Ewers,dewersan@xing.com,permanent,project 5,supervisor,field only,25/5/2022
Misti,Crowest,mcrowestao@list-manage.com,permanent,project 5,team lead,field only,
Lauren,Kemmey,lkemmeyap@cbsnews.com,contract,project 6,assistant 1,field only,27/5/2022
Ginni,Terbruggen,gterbruggenaq@china.com.cn,permanent,project 6,assistant 1,field and base,31/5/2022
Caresse,Jebb,cjebbar@nifty.com,permanent,project 6,supervisor,field and base,29/5/2022
Lorry,Maylor,lmayloras@senate.gov,contract,project 4,supervisor,field and base,3/6/2022
Katinka,Blacket,kblacketat@pinterest.com,contract,project 4,assistant 1,field only,4/6/2022
Doro,Birds,dbirdsau@wordpress.org,permanent,project 5,manager,field only,25/5/2022
Shae,Henken,shenkenav@surveymonkey.com,permanent,project 4,supervisor,field and base,24/5/2022
Hope,Gemnett,hgemnettaw@prlog.org,permanent,project 4,supervisor,field and base,4/6/2022
Darnall,Stent,dstentax@cam.ac.uk,contract,project 4,assistant 2,field and base,30/5/2022
Aurlie,Maywood,amaywooday@va.gov,permanent,project 6,assistant 1,field only,
Rosie,Solman,rsolmanaz@narod.ru,contract,project 6,manager,field only,24/5/2022
Daniel,Rowston,drowstonb0@ning.com,permanent,project 4,supervisor,field and base,2/6/2022
Dickie,Parton,dpartonb1@microsoft.com,permanent,project 6,manager,field only,26/5/2022
Betsy,Cairns,bcairnsb2@sbwire.com,contract,project 4,assistant 2,field and base,26/5/2022
Keeley,Blazek,kblazekb3@foxnews.com,contract,project 2,assistant 2,field and base,4/6/2022
Jerrine,Kleyn,jkleynb4@dot.gov,permanent,project 5,assistant 2,field and base,
Meyer,Clifft,mclifftb5@so-net.ne.jp,contract,project 2,assistant 1,field and base,25/5/2022
Andriana,Pedycan,apedycanb6@hp.com,contract,project 3,manager,field only,24/5/2022
Free,Dunge,fdungeb7@creativecommons.org,permanent,project 4,team lead,field only,31/5/2022
Pavla,Laux,plauxb8@trellian.com,permanent,project 6,team lead,field only,31/5/2022
Launce,Tommeo,ltommeob9@jalbum.net,contract,project 2,team lead,field and base,4/6/2022
Alberto,Gunderson,agundersonba@bravesites.com,contract,project 1,assistant 1,field and base,29/5/2022
Lorene,Berrecloth,lberreclothbb@usnews.com,contract,project 6,team lead,field and base,30/5/2022
Tallulah,Jaycock,tjaycockbc@nationalgeographic.com,permanent,project 4,assistant 2,field only,27/5/2022
Ted,Louw,tlouwbd@google.es,contract,project 4,assistant 2,field and base,26/5/2022
Gannie,Gildersleaves,ggildersleavesbe@sciencedaily.com,permanent,project 5,supervisor,field and base,1/6/2022
Livvyy,Dowber,ldowberbf@reddit.com,contract,project 2,assistant 2,field only,26/5/2022
Shani,Grimsditch,sgrimsditchbg@prlog.org,permanent,project 4,assistant 2,field and base,3/6/2022
Jozef,Simanek,jsimanekbh@mac.com,contract,project 1,assistant 1,field and base,
Bond,Yannikov,byannikovbi@twitter.com,contract,project 4,assistant 1,field only,28/5/2022
Marnie,Morigan,mmoriganbj@altervista.org,permanent,project 1,assistant 1,field only,3/6/2022
Godfrey,Spindler,gspindlerbk@booking.com,contract,project 2,assistant 1,field and base,2/6/2022
Artair,Becerra,abecerrabl@home.pl,contract,project 3,team lead,field only,4/6/2022
Kingsly,Scallon,kscallonbm@cnbc.com,permanent,project 3,supervisor,field and base,
Jo-ann,Waterstone,jwaterstonebn@techcrunch.com,contract,project 4,team lead,field and base,27/5/2022
Cornelia,Cockin,ccockinbo@live.com,contract,project 3,assistant 2,field and base,30/5/2022
Mattie,McLucas,mmclucasbp@fda.gov,permanent,project 2,assistant 1,field and base,26/5/2022
Georgina,Taillant,gtaillantbq@about.com,contract,project 6,supervisor,field and base,
Christean,Mc Corley,cmccorleybr@seesaa.net,permanent,project 2,team lead,field and base,1/6/2022
Alastair,Joyes,ajoyesbs@nature.com,contract,project 3,supervisor,field and base,23/5/2022
Georgie,Ralfe,gralfebt@walmart.com,contract,project 2,supervisor,field only,1/6/2022
Christyna,Wreakes,cwreakesbu@skyrock.com,contract,project 5,assistant 2,field and base,
Caressa,Dimmer,cdimmerbv@eventbrite.com,permanent,project 2,supervisor,field and base,23/5/2022
Karrah,Gerdts,kgerdtsbw@senate.gov,permanent,project 6,team lead,field only,
Millard,Gosforth,mgosforthbx@gravatar.com,contract,project 3,team lead,field and base,1/6/2022
Saundra,Evequot,sevequotby@amazon.de,permanent,project 1,manager,field and base,
Fairfax,Boxall,fboxallbz@google.it,permanent,project 6,assistant 1,field and base,27/5/2022
Lilyan,Fidell,lfidellc0@dropbox.com,contract,project 3,assistant 1,field and base,31/5/2022
Sheena,Glison,sglisonc1@state.gov,contract,project 1,manager,field and base,25/5/2022
Humberto,Crozier,hcrozierc2@infoseek.co.jp,permanent,project 3,manager,field only,28/5/2022
Lara,Chicchelli,lchicchellic3@instagram.com,contract,project 2,assistant 2,field only,25/5/2022
Raychel,Blunkett,rblunkettc4@springer.com,contract,project 3,manager,field and base,24/5/2022
Maren,Bruhnicke,mbruhnickec5@moonfruit.com,contract,project 5,assistant 1,field and base,24/5/2022
Kaylyn,Sleford,kslefordc6@time.com,contract,project 5,assistant 2,field and base,24/5/2022
Allard,Ells,aellsc7@hc360.com,contract,project 3,assistant 2,field only,28/5/2022
Jessy,Undrell,jundrellc8@elegantthemes.com,contract,project 1,manager,field only,1/6/2022
Anita,Prendergrass,aprendergrassc9@usatoday.com,contract,project 3,supervisor,field and base,1/6/2022
Bradan,Comerford,bcomerfordca@indiatimes.com,permanent,project 1,assistant 2,field and base,30/5/2022
Barnebas,Dawltrey,bdawltreycb@posterous.com,contract,project 4,team lead,field only,
Kyle,Mowne,kmownecc@mac.com,permanent,project 5,manager,field and base,
Brockie,Philo,bphilocd@digg.com,permanent,project 5,assistant 2,field and base,27/5/2022
Jennica,Kindread,jkindreadce@moonfruit.com,permanent,project 1,supervisor,field only,26/5/2022
Witty,Keddy,wkeddycf@si.edu,contract,project 4,assistant 1,field only,25/5/2022
Giana,Bengochea,gbengocheacg@bandcamp.com,permanent,project 4,supervisor,field only,26/5/2022
Tomas,Scragg,tscraggch@barnesandnoble.com,contract,project 6,assistant 1,field and base,3/6/2022
Leoine,Pasterfield,lpasterfieldci@tinyurl.com,permanent,project 3,assistant 2,field and base,4/6/2022
Bastien,O'Hallihane,bohallihanecj@hao123.com,contract,project 1,supervisor,field only,3/6/2022
Parry,Rouke,proukeck@statcounter.com,permanent,project 4,manager,field only,31/5/2022
Lesya,Jarvie,ljarviecl@booking.com,contract,project 4,manager,field and base,1/6/2022
Ker,Jellybrand,kjellybrandcm@last.fm,permanent,project 6,supervisor,field only,2/6/2022
Anthony,Gurnell,agurnellcn@theguardian.com,contract,project 2,team lead,field only,27/5/2022
Dani,Tippings,dtippingsco@photobucket.com,contract,project 3,assistant 2,field only,30/5/2022
Carny,Ecclestone,cecclestonecp@livejournal.com,permanent,project 2,manager,field only,4/6/2022
Vince,Capstake,vcapstakecq@cmu.edu,contract,project 6,assistant 2,field only,
Bing,Pitkin,bpitkincr@dagondesign.com,contract,project 4,manager,field only,
Hermia,Poll,hpollcs@slideshare.net,permanent,project 1,supervisor,field and base,1/6/2022
Blanca,Byway,bbywayct@ihg.com,permanent,project 3,assistant 2,field and base,28/5/2022
Sonya,Pocklington,spocklingtoncu@usatoday.com,permanent,project 3,assistant 1,field only,25/5/2022
Ashton,Stanhope,astanhopecv@pcworld.com,contract,project 2,manager,field and base,23/5/2022
Sorcha,Carsberg,scarsbergcw@shinystat.com,permanent,project 3,assistant 2,field and base,27/5/2022
Bartlet,Setterington,bsetteringtoncx@hao123.com,contract,project 6,team lead,field only,24/5/2022
Fay,Dalinder,fdalindercy@indiatimes.com,permanent,project 1,supervisor,field only,30/5/2022
Stanfield,Rowett,srowettcz@ebay.co.uk,permanent,project 5,manager,field and base,23/5/2022
Laurens,Seary,lsearyd0@arstechnica.com,permanent,project 3,team lead,field and base,3/6/2022
Sindee,Block,sblockd1@cisco.com,contract,project 2,team lead,field and base,
Miranda,Caress,mcaressd2@meetup.com,contract,project 3,team lead,field and base,26/5/2022
Vanya,Puddin,vpuddind3@foxnews.com,permanent,project 4,team lead,field and base,25/5/2022
Loren,Daulby,ldaulbyd4@smugmug.com,permanent,project 3,manager,field and base,23/5/2022
Kendall,Venney,kvenneyd5@unc.edu,contract,project 4,team lead,field and base,24/5/2022
Jandy,Clynmans,jclynmansd6@xing.com,permanent,project 2,manager,field and base,
Holli,Kirrage,hkirraged7@behance.net,permanent,project 1,assistant 1,field only,4/6/2022
Veda,Rawlings,vrawlingsd8@craigslist.org,permanent,project 2,manager,field and base,30/5/2022
Jere,Vernalls,jvernallsd9@pinterest.com,permanent,project 2,manager,field only,
Chickie,Hannah,channahda@qq.com,contract,project 3,supervisor,field and base,30/5/2022
Bendick,Venable,bvenabledb@prweb.com,permanent,project 6,manager,field only,30/5/2022
Sheila,Tofanelli,stofanellidc@chron.com,contract,project 1,supervisor,field only,1/6/2022
Coleen,Glede,cglededd@latimes.com,contract,project 5,assistant 1,field only,23/5/2022
Bucky,Nand,bnandde@psu.edu,contract,project 1,assistant 2,field and base,25/5/2022
Bill,Tomaello,btomaellodf@unicef.org,contract,project 6,supervisor,field and base,2/6/2022
Thain,Whyffen,twhyffendg@twitter.com,contract,project 6,team lead,field and base,
Bobina,Lankford,blankforddh@spotify.com,contract,project 3,assistant 2,field only,27/5/2022
Gaynor,Mobius,gmobiusdi@cbsnews.com,permanent,project 2,manager,field and base,
Nata,Berthomieu,nberthomieudj@gizmodo.com,permanent,project 1,supervisor,field and base,28/5/2022
Philip,Kuhlen,pkuhlendk@state.tx.us,contract,project 2,supervisor,field and base,23/5/2022
Benedetto,aManger,bamangerdl@sina.com.cn,permanent,project 2,assistant 2,field and base,23/5/2022
Odele,Matijasevic,omatijasevicdm@un.org,permanent,project 3,assistant 1,field only,29/5/2022
Chrotoem,Hudd,chudddn@scribd.com,permanent,project 3,manager,field and base,4/6/2022
Kikelia,Davley,kdavleydo@hhs.gov,permanent,project 1,team lead,field and base,
Glynda,Martland,gmartlanddp@qq.com,permanent,project 3,assistant 2,field only,
Fowler,Silbersak,fsilbersakdq@cloudflare.com,permanent,project 6,assistant 1,field and base,
Lenci,Diamond,ldiamonddr@wikia.com,permanent,project 2,supervisor,field only,3/6/2022
Robers,Backshill,rbackshillds@naver.com,contract,project 4,assistant 2,field only,31/5/2022
Lacy,Blayd,lblayddt@sfgate.com,permanent,project 2,assistant 2,field and base,24/5/2022
Brewster,Bragger,bbraggerdu@home.pl,permanent,project 1,team lead,field and base,
Deonne,Scutt,dscuttdv@mapquest.com,contract,project 2,manager,field only,25/5/2022
Iggy,Aubri,iaubridw@hc360.com,contract,project 6,team lead,field only,28/5/2022
Bronny,Olenchenko,bolenchenkodx@princeton.edu,contract,project 4,team lead,field only,25/5/2022
Marylinda,Sweatland,msweatlanddy@prlog.org,contract,project 5,team lead,field and base,26/5/2022
Dredi,Allder,dallderdz@ted.com,contract,project 3,team lead,field and base,29/5/2022
Julee,Lochead,jlocheade0@unc.edu,contract,project 2,supervisor,field only,
Fanny,Mullord,fmullorde1@storify.com,permanent,project 4,assistant 1,field and base,1/6/2022
Marne,Spilling,mspillinge2@blogger.com,contract,project 4,assistant 2,field only,4/6/2022
Freeman,Fernihough,ffernihoughe3@apple.com,permanent,project 5,supervisor,field only,3/6/2022
Elonore,Salvadori,esalvadorie4@plala.or.jp,contract,project 1,manager,field and base,27/5/2022
Maureen,O'Hanley,mohanleye5@guardian.co.uk,permanent,project 5,assistant 2,field and base,4/6/2022
Valina,Terzi,vterzie6@imgur.com,permanent,project 6,assistant 1,field only,28/5/2022
Fayette,Melledy,fmelledye7@reuters.com,contract,project 3,manager,field and base,26/5/2022
Jolie,Thorlby,jthorlbye8@yahoo.com,contract,project 3,manager,field only,25/5/2022
Karyl,Haldane,khaldanee9@redcross.org,permanent,project 4,assistant 2,field and base,3/6/2022
Judd,Canland,jcanlandea@exblog.jp,contract,project 5,team lead,field and base,1/6/2022
Zared,Cubbon,zcubboneb@networkadvertising.org,permanent,project 6,manager,field only,1/6/2022
Jobi,Radin,jradinec@php.net,permanent,project 6,manager,field and base,2/6/2022
Rubia,Beardsdale,rbeardsdaleed@apache.org,contract,project 2,assistant 1,field and base,31/5/2022
Bary,Filasov,bfilasovee@ebay.com,permanent,project 4,supervisor,field and base,31/5/2022
Yoshiko,Leyson,yleysonef@illinois.edu,contract,project 5,assistant 1,field and base,23/5/2022
Latia,Trenholm,ltrenholmeg@fema.gov,permanent,project 6,team lead,field and base,30/5/2022
Lindy,Vaune,lvauneeh@squidoo.com,contract,project 5,supervisor,field and base,26/5/2022
Latrena,Lucks,llucksei@upenn.edu,contract,project 5,assistant 1,field only,30/5/2022
Chevalier,Aronson,caronsonej@i2i.jp,contract,project 4,supervisor,field and base,
Farrand,Wortman,fwortmanek@ca.gov,contract,project 2,assistant 1,field and base,28/5/2022
Maribelle,Keasy,mkeasyel@slashdot.org,permanent,project 2,team lead,field and base,4/6/2022
Arny,Carus,acarusem@bloglines.com,contract,project 2,manager,field and base,3/6/2022
Harris,Ilott,hilotten@newyorker.com,contract,project 2,assistant 2,field only,25/5/2022
Sallyann,Perryman,sperrymaneo@va.gov,contract,project 3,team lead,field only,28/5/2022
Zedekiah,Rothermel,zrothermelep@amazon.co.jp,contract,project 5,supervisor,field and base,26/5/2022
Cleve,Roseaman,croseamaneq@list-manage.com,permanent,project 1,assistant 2,field and base,25/5/2022
Kimmy,Pridden,kpriddener@paypal.com,permanent,project 3,team lead,field only,30/5/2022
Liane,Megarry,lmegarryes@wufoo.com,contract,project 4,supervisor,field only,29/5/2022
Cloe,Bengtson,cbengtsonet@tripod.com,contract,project 1,supervisor,field and base,
Marita,Trevear,mtreveareu@netlog.com,contract,project 4,assistant 1,field and base,2/6/2022
Doralyn,Waker,dwakerev@hugedomains.com,permanent,project 1,assistant 2,field only,2/6/2022
Caresse,Catcheside,ccatchesideew@huffingtonpost.com,permanent,project 1,assistant 1,field and base,23/5/2022
Pamella,Iverson,piversonex@about.me,permanent,project 1,team lead,field only,23/5/2022
Anabella,Badcock,abadcockey@time.com,permanent,project 3,assistant 2,field and base,30/5/2022
Meriel,Draude,mdraudeez@hibu.com,permanent,project 2,assistant 1,field only,
Link,Mulmuray,lmulmurayf0@wunderground.com,permanent,project 1,manager,field and base,29/5/2022
Inez,Andreaccio,iandreacciof1@domainmarket.com,contract,project 5,team lead,field and base,3/6/2022
Ilise,Mendoza,imendozaf2@bbc.co.uk,permanent,project 6,supervisor,field and base,25/5/2022
Yard,O'Lennachain,yolennachainf3@blog.com,permanent,project 5,team lead,field only,27/5/2022
Preston,Tumayan,ptumayanf4@dion.ne.jp,contract,project 2,supervisor,field and base,2/6/2022
Myrna,Cobelli,mcobellif5@cafepress.com,permanent,project 1,supervisor,field and base,27/5/2022
Nicki,Brailey,nbraileyf6@xrea.com,permanent,project 1,assistant 2,field only,
Marlo,Rouchy,mrouchyf7@symantec.com,permanent,project 5,assistant 1,field and base,2/6/2022
Valery,Espinheira,vespinheiraf8@google.com.hk,contract,project 5,assistant 2,field only,3/6/2022
Joanne,Mourton,jmourtonf9@hao123.com,contract,project 2,team lead,field and base,29/5/2022
Evania,Burhouse,eburhousefa@feedburner.com,permanent,project 6,assistant 1,field only,
Giffer,Sarfat,gsarfatfb@furl.net,contract,project 4,assistant 1,field only,30/5/2022
Claudia,MacGiany,cmacgianyfc@w3.org,permanent,project 4,assistant 1,field only,27/5/2022
Guinevere,Drejer,gdrejerfd@taobao.com,contract,project 6,team lead,field and base,24/5/2022
Ricard,Coggings,rcoggingsfe@washingtonpost.com,contract,project 3,assistant 1,field and base,1/6/2022
Otha,Runnalls,orunnallsff@spiegel.de,contract,project 5,supervisor,field and base,24/5/2022
Estevan,Padgett,epadgettfg@de.vu,permanent,project 4,supervisor,field only,24/5/2022
Adelle,Mattaus,amattausfh@netlog.com,permanent,project 4,manager,field and base,2/6/2022
Hildagard,Kira,hkirafi@dot.gov,permanent,project 4,manager,field only,30/5/2022
Barby,Danby,bdanbyfj@topsy.com,contract,project 4,team lead,field only,
Dallas,MacGiffin,dmacgiffinfk@ning.com,contract,project 6,supervisor,field only,30/5/2022
Zack,Gaddie,zgaddiefl@salon.com,contract,project 6,assistant 2,field and base,31/5/2022
Jacklyn,Geharke,jgeharkefm@eepurl.com,contract,project 2,supervisor,field only,31/5/2022
Timmie,Duffit,tduffitfn@pagesperso-orange.fr,contract,project 5,assistant 2,field and base,30/5/2022
Stacey,Heball,sheballfo@naver.com,permanent,project 5,team lead,field only,
Corty,Fleeman,cfleemanfp@ocn.ne.jp,contract,project 3,assistant 1,field only,1/6/2022
Kiah,Finn,kfinnfq@dion.ne.jp,contract,project 5,supervisor,field and base,26/5/2022
Daphene,Delhanty,ddelhantyfr@howstuffworks.com,contract,project 4,supervisor,field only,25/5/2022
Nester,Insall,ninsallfs@flavors.me,permanent,project 1,assistant 1,field only,25/5/2022
Gael,Afield,gafieldft@eventbrite.com,permanent,project 6,team lead,field and base,27/5/2022
Jerrome,MacPake,jmacpakefu@sciencedirect.com,permanent,project 6,assistant 2,field only,28/5/2022
Devin,O' Reagan,doreaganfv@cafepress.com,permanent,project 3,assistant 1,field and base,27/5/2022
Trude,Harnwell,tharnwellfw@comsenz.com,contract,project 4,assistant 1,field only,
Florance,Colin,fcolinfx@phoca.cz,permanent,project 4,supervisor,field only,3/6/2022
Aigneis,Batiste,abatistefy@irs.gov,permanent,project 4,assistant 2,field and base,
Karola,Hastwell,khastwellfz@biglobe.ne.jp,permanent,project 3,assistant 1,field only,25/5/2022
Anya,Rantoull,arantoullg0@sbwire.com,permanent,project 3,manager,field and base,27/5/2022
Ulrich,Casarini,ucasarinig1@google.cn,contract,project 3,supervisor,field and base,30/5/2022
Fred,Loughton,floughtong2@zimbio.com,permanent,project 2,assistant 2,field only,
Fabe,Egginton,feggintong3@google.it,permanent,project 2,assistant 2,field and base,3/6/2022
Scarlet,Gibbonson,sgibbonsong4@columbia.edu,permanent,project 2,assistant 2,field only,28/5/2022
Nadiya,Brian,nbriang5@elegantthemes.com,permanent,project 1,assistant 1,field only,24/5/2022
Ashley,Riba,aribag6@netscape.com,permanent,project 5,manager,field only,
Oliviero,Percifull,opercifullg7@fc2.com,permanent,project 6,team lead,field and base,28/5/2022
Yehudit,Schutte,yschutteg8@meetup.com,contract,project 2,supervisor,field only,2/6/2022
Crin,Delacour,cdelacourg9@ebay.co.uk,contract,project 3,team lead,field and base,30/5/2022
Erastus,MacKeever,emackeeverga@tuttocitta.it,permanent,project 1,team lead,field only,31/5/2022
Charmaine,Burcher,cburchergb@bizjournals.com,contract,project 3,assistant 2,field only,
Theodora,Pheasey,tpheaseygc@devhub.com,contract,project 2,team lead,field and base,26/5/2022
Karlis,Newart,knewartgd@cbsnews.com,permanent,project 1,manager,field only,24/5/2022
Uri,Orans,uoransge@alibaba.com,contract,project 5,manager,field and base,1/6/2022
Irving,Brobeck,ibrobeckgf@newyorker.com,permanent,project 1,supervisor,field and base,3/6/2022
Noreen,Jacobsen,njacobsengg@digg.com,contract,project 6,assistant 1,field only,29/5/2022
Martin,Bollini,mbollinigh@quantcast.com,permanent,project 5,assistant 1,field only,24/5/2022
Jacky,Lassells,jlassellsgi@state.tx.us,permanent,project 3,assistant 1,field and base,23/5/2022
Smitty,Sisnett,ssisnettgj@comsenz.com,permanent,project 1,supervisor,field and base,
Livy,Littefair,llittefairgk@wordpress.org,contract,project 4,assistant 1,field only,24/5/2022
Anissa,Edney,aedneygl@census.gov,contract,project 1,assistant 2,field and base,3/6/2022
Nev,Pennycuick,npennycuickgm@china.com.cn,contract,project 2,assistant 2,field only,4/6/2022
Claribel,Kitteringham,ckitteringhamgn@gov.uk,permanent,project 3,assistant 1,field and base,26/5/2022
Stanislas,Walisiak,swalisiakgo@reference.com,permanent,project 6,supervisor,field and base,
Demetrius,Mation,dmationgp@wisc.edu,permanent,project 4,manager,field only,26/5/2022
Philip,Fremantle,pfremantlegq@joomla.org,contract,project 3,team lead,field only,
Roxana,Onn,ronngr@reddit.com,permanent,project 4,assistant 2,field and base,23/5/2022
Wilona,Folkerts,wfolkertsgs@abc.net.au,permanent,project 2,assistant 1,field and base,
Lynett,Twinn,ltwinngt@surveymonkey.com,permanent,project 6,supervisor,field only,
Ilse,Jedraszek,ijedraszekgu@latimes.com,contract,project 2,assistant 1,field only,
Yorker,Saltman,ysaltmangv@businessinsider.com,contract,project 2,supervisor,field only,23/5/2022
Patrizio,Stuther,pstuthergw@seesaa.net,contract,project 3,supervisor,field only,25/5/2022
Mellicent,Perrelli,mperrelligx@discovery.com,permanent,project 4,supervisor,field and base,27/5/2022
Carrissa,Nafziger,cnafzigergy@ask.com,permanent,project 5,team lead,field only,4/6/2022
Faunie,Lawry,flawrygz@yolasite.com,contract,project 3,supervisor,field and base,28/5/2022
Alanson,Mallaby,amallabyh0@sun.com,contract,project 5,assistant 1,field and base,28/5/2022
Faustina,Georgelin,fgeorgelinh1@pbs.org,contract,project 5,assistant 1,field only,
Ellerey,Mulliss,emullissh2@icio.us,contract,project 2,team lead,field and base,23/5/2022
Ganny,Dudney,gdudneyh3@i2i.jp,permanent,project 4,supervisor,field and base,25/5/2022
Maybelle,Magnus,mmagnush4@yellowpages.com,permanent,project 2,manager,field only,3/6/2022
Laverna,Lange,llangeh5@devhub.com,permanent,project 1,team lead,field only,
Skylar,Forsey,sforseyh6@biglobe.ne.jp,contract,project 4,assistant 2,field and base,
Pat,Casaletto,pcasalettoh7@china.com.cn,contract,project 2,assistant 1,field only,
Steffen,Dunne,sdunneh8@typepad.com,contract,project 4,team lead,field and base,
Bobinette,Merrall,bmerrallh9@360.cn,contract,project 3,team lead,field and base,3/6/2022
Inga,Parrott,iparrottha@sakura.ne.jp,contract,project 2,manager,field and base,26/5/2022
Gordon,Albiston,galbistonhb@bloglovin.com,permanent,project 3,team lead,field and base,
Norman,Le Grice,nlegricehc@geocities.com,contract,project 2,supervisor,field and base,
Sampson,Haldenby,shaldenbyhd@prweb.com,contract,project 1,supervisor,field and base,29/5/2022
Hedi,Clohessy,hclohessyhe@ifeng.com,contract,project 6,assistant 1,field only,30/5/2022
Elie,Vargas,evargashf@zimbio.com,permanent,project 5,supervisor,field only,4/6/2022
Adaline,Balham,abalhamhg@i2i.jp,contract,project 3,manager,field only,31/5/2022
Kean,Mallia,kmalliahh@moonfruit.com,contract,project 3,supervisor,field only,3/6/2022
Fianna,Moscrop,fmoscrophi@exblog.jp,permanent,project 2,manager,field and base,26/5/2022
Keslie,Skarin,kskarinhj@un.org,contract,project 5,assistant 2,field only,2/6/2022
Kain,Ruller,krullerhk@1und1.de,permanent,project 4,assistant 2,field and base,1/6/2022
Tamar,Gilliland,tgillilandhl@jiathis.com,permanent,project 5,supervisor,field only,24/5/2022
Emma,Barrett,ebarretthm@1688.com,permanent,project 6,manager,field and base,25/5/2022
Cara,Mouser,cmouserhn@unesco.org,contract,project 5,manager,field and base,1/6/2022
Shaine,Reeveley,sreeveleyho@pinterest.com,contract,project 4,manager,field only,25/5/2022
Zelma,Monier,zmonierhp@pinterest.com,permanent,project 5,manager,field only,29/5/2022
Gwendolen,Pedycan,gpedycanhq@phpbb.com,contract,project 1,supervisor,field and base,27/5/2022
Lacy,Casseldine,lcasseldinehr@xrea.com,permanent,project 6,assistant 2,field only,3/6/2022
Krystal,Tunnick,ktunnickhs@microsoft.com,contract,project 1,assistant 1,field only,24/5/2022
Maurise,Scandwright,mscandwrightht@imgur.com,contract,project 2,manager,field and base,
Erasmus,Valentine,evalentinehu@godaddy.com,permanent,project 6,team lead,field only,1/6/2022
Shem,Abrahamowitcz,sabrahamowitczhv@hatena.ne.jp,permanent,project 1,supervisor,field only,24/5/2022
Fawne,Andrez,fandrezhw@hp.com,contract,project 6,manager,field only,23/5/2022
Shannon,Halworth,shalworthhx@zimbio.com,contract,project 2,assistant 2,field only,
Filip,Brundall,fbrundallhy@e-recht24.de,contract,project 4,team lead,field and base,
Kylie,Broschke,kbroschkehz@free.fr,permanent,project 6,assistant 2,field and base,28/5/2022
Tessa,Blinkhorn,tblinkhorni0@multiply.com,contract,project 4,manager,field only,30/5/2022
Shay,Brownscombe,sbrownscombei1@imgur.com,contract,project 4,team lead,field and base,24/5/2022
Adolphus,Derrington,aderringtoni2@cmu.edu,contract,project 6,team lead,field and base,4/6/2022
Micah,Kelberer,mkelbereri3@time.com,contract,project 6,assistant 2,field and base,1/6/2022
Germaine,Richardet,grichardeti4@wsj.com,contract,project 6,assistant 1,field and base,1/6/2022
Carlos,Wheelton,cwheeltoni5@phpbb.com,permanent,project 3,assistant 2,field only,
Liva,Aitkin,laitkini6@pen.io,permanent,project 4,team lead,field and base,2/6/2022
Rhys,Loughney,rloughneyi7@unesco.org,contract,project 3,assistant 2,field only,29/5/2022
Brandy,Southey,bsoutheyi8@si.edu,permanent,project 4,assistant 2,field and base,26/5/2022
Lenette,Crossgrove,lcrossgrovei9@comsenz.com,contract,project 2,team lead,field only,1/6/2022
Leoline,Gravet,lgravetia@surveymonkey.com,permanent,project 4,assistant 2,field only,31/5/2022
Maris,Dowsett,mdowsettib@canalblog.com,permanent,project 1,assistant 2,field and base,
Bernice,Pauli,bpauliic@github.io,contract,project 3,manager,field only,1/6/2022
Katrinka,Folliss,kfollissid@marketwatch.com,permanent,project 5,assistant 1,field and base,4/6/2022
Barty,Hugk,bhugkie@un.org,contract,project 3,supervisor,field and base,3/6/2022
Yettie,Widdows,ywiddowsif@behance.net,contract,project 6,team lead,field and base,1/6/2022
Raquel,Midson,rmidsonig@biglobe.ne.jp,permanent,project 5,team lead,field only,2/6/2022
Devlin,Gatley,dgatleyih@arizona.edu,permanent,project 3,team lead,field only,23/5/2022
Kleon,Plaskett,kplaskettii@pen.io,contract,project 6,assistant 1,field and base,
Tann,Broadbent,tbroadbentij@gravatar.com,contract,project 2,assistant 1,field only,2/6/2022
Nicolea,Wauchope,nwauchopeik@xrea.com,contract,project 4,assistant 2,field only,3/6/2022
Ramsey,Witham,rwithamil@seesaa.net,permanent,project 4,team lead,field and base,23/5/2022
Patty,Birchill,pbirchillim@discuz.net,permanent,project 2,manager,field only,1/6/2022
Amelita,Tremmil,atremmilin@usa.gov,contract,project 1,team lead,field only,4/6/2022
Far,Dive,fdiveio@slashdot.org,contract,project 1,team lead,field and base,29/5/2022
Alexis,McLemon,amclemonip@4shared.com,permanent,project 3,manager,field only,
Lyndsie,Stiegars,lstiegarsiq@mapquest.com,contract,project 3,team lead,field only,27/5/2022
Martguerita,Havard,mhavardir@mozilla.org,contract,project 5,assistant 1,field only,30/5/2022
Hailey,Yakovich,hyakovichis@usnews.com,contract,project 2,supervisor,field and base,26/5/2022
Stacy,Bellard,sbellardit@bloglovin.com,contract,project 3,team lead,field and base,
Ewell,Kinde,ekindeiu@pinterest.com,contract,project 1,assistant 2,field and base,31/5/2022
Todd,Eadie,teadieiv@sphinn.com,permanent,project 5,assistant 1,field only,24/5/2022
John,Atwater,jatwateriw@amazon.co.uk,contract,project 5,supervisor,field only,
Gaven,Waterfield,gwaterfieldix@so-net.ne.jp,permanent,project 1,supervisor,field only,29/5/2022
Anna,Dewire,adewireiy@prnewswire.com,contract,project 2,assistant 2,field and base,24/5/2022
Silvana,Tineman,stinemaniz@example.com,contract,project 2,assistant 1,field only,4/6/2022
Sheree,Goggin,sgogginj0@sina.com.cn,contract,project 6,supervisor,field only,26/5/2022
Udall,Gaspero,ugasperoj1@topsy.com,contract,project 1,team lead,field only,30/5/2022
Amalia,Coyle,acoylej2@naver.com,permanent,project 5,team lead,field only,2/6/2022
Franchot,Birrell,fbirrellj3@slate.com,permanent,project 1,team lead,field and base,1/6/2022
Grady,Hacquard,ghacquardj4@reverbnation.com,permanent,project 1,assistant 1,field and base,30/5/2022
Joey,Austin,jaustinj5@webs.com,contract,project 2,team lead,field only,
Alma,Turfes,aturfesj6@nasa.gov,contract,project 5,team lead,field only,27/5/2022
Quintin,Colecrough,qcolecroughj7@macromedia.com,contract,project 5,team lead,field only,30/5/2022
Lyndel,Tindley,ltindleyj8@instagram.com,permanent,project 6,assistant 2,field only,30/5/2022
Baxy,Dreschler,bdreschlerj9@si.edu,contract,project 5,supervisor,field and base,28/5/2022
Harrie,Nassey,hnasseyja@nba.com,permanent,project 5,supervisor,field and base,29/5/2022
Jamil,Cheine,jcheinejb@nps.gov,contract,project 1,assistant 2,field and base,31/5/2022
Wittie,Cutforth,wcutforthjc@ibm.com,contract,project 2,manager,field only,
Muffin,Burdytt,mburdyttjd@wp.com,permanent,project 3,assistant 1,field only,
Kaylil,Maymand,kmaymandje@drupal.org,permanent,project 3,supervisor,field only,28/5/2022
Wrennie,Silverthorne,wsilverthornejf@google.pl,permanent,project 6,assistant 1,field and base,27/5/2022
Amanda,Kincla,akinclajg@eepurl.com,permanent,project 3,assistant 1,field and base,24/5/2022
Ferne,Vaughten,fvaughtenjh@nationalgeographic.com,permanent,project 6,assistant 2,field and base,27/5/2022
Damon,Marion,dmarionji@com.com,contract,project 4,team lead,field only,24/5/2022
Roley,Waghorne,rwaghornejj@webnode.com,permanent,project 2,assistant 2,field and base,31/5/2022
Gayle,Janse,gjansejk@google.es,contract,project 4,manager,field and base,2/6/2022
Morgan,Airdrie,mairdriejl@symantec.com,permanent,project 3,assistant 1,field only,23/5/2022
Bill,Ambrois,bambroisjm@histats.com,contract,project 1,team lead,field only,30/5/2022
Nesta,Boerderman,nboerdermanjn@china.com.cn,contract,project 6,supervisor,field and base,30/5/2022
Audry,Bradburn,abradburnjo@bbb.org,contract,project 5,assistant 1,field and base,26/5/2022
Evelin,Forker,eforkerjp@elegantthemes.com,permanent,project 2,manager,field only,31/5/2022
Faith,Cartledge,fcartledgejq@cbsnews.com,contract,project 1,manager,field and base,4/6/2022
Chrysa,Dron,cdronjr@adobe.com,permanent,project 4,team lead,field only,1/6/2022
Sunny,Rebanks,srebanksjs@booking.com,contract,project 5,assistant 1,field and base,
Hanna,Ind,hindjt@oakley.com,contract,project 5,supervisor,field and base,27/5/2022
Dede,Poundford,dpoundfordju@amazon.com,permanent,project 3,assistant 1,field and base,29/5/2022
Bren,Ripsher,bripsherjv@posterous.com,contract,project 3,team lead,field and base,3/6/2022
Eal,Strang,estrangjw@sogou.com,permanent,project 6,assistant 1,field only,3/6/2022
Lucho,Matzeitis,lmatzeitisjx@jalbum.net,contract,project 5,supervisor,field and base,1/6/2022
Inga,Dawidowitz,idawidowitzjy@intel.com,contract,project 1,assistant 2,field only,27/5/2022
Leandra,Chevolleau,lchevolleaujz@icq.com,permanent,project 6,manager,field and base,1/6/2022
Reinold,Goatman,rgoatmank0@un.org,contract,project 2,assistant 1,field and base,4/6/2022
Concettina,Rosenbusch,crosenbuschk1@guardian.co.uk,contract,project 4,assistant 2,field and base,3/6/2022
Pablo,Massot,pmassotk2@blinklist.com,contract,project 6,assistant 1,field only,30/5/2022
Ave,Tiltman,atiltmank3@acquirethisname.com,permanent,project 5,supervisor,field only,29/5/2022
Cheryl,Markey,cmarkeyk4@redcross.org,permanent,project 2,assistant 2,field and base,
Gail,Acaster,gacasterk5@posterous.com,contract,project 6,team lead,field and base,27/5/2022
Fredrika,Robertacci,frobertaccik6@behance.net,contract,project 4,manager,field only,
Gusta,Croson,gcrosonk7@utexas.edu,permanent,project 6,team lead,field and base,2/6/2022
Gertrude,Potteridge,gpotteridgek8@ocn.ne.jp,contract,project 6,supervisor,field and base,26/5/2022
Nickey,Ivers,niversk9@ovh.net,contract,project 5,assistant 1,field and base,27/5/2022
Loreen,Rubinshtein,lrubinshteinka@techcrunch.com,contract,project 1,supervisor,field and base,
Caty,Vasyunkin,cvasyunkinkb@skyrock.com,contract,project 6,assistant 2,field only,4/6/2022
Susanetta,Doll,sdollkc@washingtonpost.com,contract,project 4,team lead,field and base,3/6/2022
Ennis,Kelloch,ekellochkd@so-net.ne.jp,contract,project 2,assistant 1,field and base,30/5/2022
Pauli,McWilliam,pmcwilliamke@usda.gov,contract,project 5,assistant 1,field and base,
Reeta,Pirkis,rpirkiskf@newsvine.com,contract,project 6,assistant 1,field and base,4/6/2022
Coop,Childrens,cchildrenskg@globo.com,contract,project 3,manager,field only,29/5/2022
Gorden,Harpin,gharpinkh@nsw.gov.au,permanent,project 2,team lead,field and base,28/5/2022
Neal,Delea,ndeleaki@tinypic.com,permanent,project 4,supervisor,field and base,23/5/2022
Burr,Wilcocks,bwilcockskj@gnu.org,contract,project 1,team lead,field only,31/5/2022
Erda,Yashaev,eyashaevkk@mail.ru,permanent,project 4,supervisor,field only,1/6/2022
Zachariah,De la Yglesia,zdelayglesiakl@hibu.com,permanent,project 4,manager,field and base,1/6/2022
Krista,Floyed,kfloyedkm@google.com.au,permanent,project 1,assistant 2,field only,3/6/2022
Ora,Gert,ogertkn@virginia.edu,contract,project 4,team lead,field and base,28/5/2022
Maritsa,Marcone,mmarconeko@mysql.com,permanent,project 6,assistant 1,field and base,31/5/2022
Hilda,Scintsbury,hscintsburykp@qq.com,contract,project 2,team lead,field only,2/6/2022
Stephani,Whytock,swhytockkq@opensource.org,permanent,project 2,team lead,field and base,1/6/2022
Carie,Mechem,cmechemkr@google.com.br,permanent,project 6,assistant 2,field only,3/6/2022
Lazar,Pitkins,lpitkinsks@guardian.co.uk,contract,project 6,manager,field only,28/5/2022
Mallissa,Eynald,meynaldkt@businessinsider.com,contract,project 1,team lead,field and base,27/5/2022
Opalina,Bohlin,obohlinku@jiathis.com,contract,project 4,supervisor,field and base,4/6/2022
Richmound,Dundon,rdundonkv@scientificamerican.com,permanent,project 2,assistant 2,field and base,1/6/2022
Scarface,McAvey,smcaveykw@google.es,contract,project 6,team lead,field only,31/5/2022
Gayle,Duding,gdudingkx@nih.gov,permanent,project 2,manager,field and base,
Toby,Caplan,tcaplanky@cloudflare.com,permanent,project 3,manager,field and base,29/5/2022
Tracy,Moores,tmooreskz@exblog.jp,permanent,project 5,assistant 1,field and base,
Kaiser,Fitzpayn,kfitzpaynl0@yelp.com,permanent,project 5,assistant 1,field only,26/5/2022
Lise,Jaquin,ljaquinl1@infoseek.co.jp,contract,project 1,team lead,field only,
Agnesse,Hebbard,ahebbardl2@toplist.cz,contract,project 2,assistant 1,field and base,4/6/2022
Aubine,Donoghue,adonoghuel3@mozilla.org,permanent,project 1,assistant 1,field only,3/6/2022
Merola,Wittke,mwittkel4@bing.com,permanent,project 2,manager,field and base,26/5/2022
Florina,Mea,fmeal5@pinterest.com,contract,project 3,assistant 2,field and base,23/5/2022
Patrice,Vasnetsov,pvasnetsovl6@csmonitor.com,contract,project 4,supervisor,field and base,1/6/2022
Ardith,Celiz,acelizl7@yellowbook.com,permanent,project 5,team lead,field and base,25/5/2022
Kinny,Ceeley,kceeleyl8@google.it,permanent,project 6,manager,field and base,25/5/2022
Minne,Mathieu,mmathieul9@wiley.com,permanent,project 3,assistant 1,field only,25/5/2022
Patience,Gambell,pgambellla@goo.ne.jp,contract,project 3,assistant 1,field only,1/6/2022
Dionis,Utterson,duttersonlb@flickr.com,contract,project 4,supervisor,field only,3/6/2022
Gianina,Whilder,gwhilderlc@pinterest.com,permanent,project 2,supervisor,field and base,25/5/2022
Byrom,Rohlfing,brohlfingld@apache.org,contract,project 6,assistant 2,field only,
Janaya,MacKinnon,jmackinnonle@toplist.cz,contract,project 5,assistant 1,field and base,4/6/2022
Christie,Karlsson,ckarlssonlf@vk.com,contract,project 2,supervisor,field and base,29/5/2022
Riordan,Bosma,rbosmalg@dion.ne.jp,contract,project 4,team lead,field and base,29/5/2022
Cary,Marzelle,cmarzellelh@about.me,permanent,project 6,assistant 2,field only,31/5/2022
Kathrine,Collinge,kcollingeli@soundcloud.com,permanent,project 3,manager,field only,2/6/2022
Leandra,Diggles,ldiggleslj@forbes.com,contract,project 3,team lead,field only,23/5/2022
Lauren,Clinning,lclinninglk@senate.gov,permanent,project 6,supervisor,field only,1/6/2022
Cory,Letham,clethamll@wordpress.com,permanent,project 6,team lead,field and base,
Stefa,Happer,shapperlm@slashdot.org,contract,project 1,supervisor,field and base,4/6/2022
Lazaro,Grzeszczak,lgrzeszczakln@smugmug.com,permanent,project 4,assistant 1,field and base,1/6/2022
Trina,Kennon,tkennonlo@uiuc.edu,permanent,project 2,assistant 2,field and base,2/6/2022
Maxwell,Leupold,mleupoldlp@over-blog.com,permanent,project 2,manager,field and base,24/5/2022
Catha,Setchfield,csetchfieldlq@oracle.com,permanent,project 6,manager,field only,24/5/2022
Isabelle,Skilbeck,iskilbecklr@newsvine.com,contract,project 1,supervisor,field only,23/5/2022
Jacinta,Wearn,jwearnls@sciencedaily.com,contract,project 6,supervisor,field only,
Wolfgang,Tout,wtoutlt@microsoft.com,permanent,project 2,assistant 1,field only,3/6/2022
Joline,Laidler,jlaidlerlu@stumbleupon.com,permanent,project 3,assistant 2,field only,26/5/2022
Marcelo,Klassmann,mklassmannlv@meetup.com,contract,project 3,assistant 1,field only,28/5/2022
Zahara,Goodbar,zgoodbarlw@51.la,contract,project 4,assistant 2,field and base,25/5/2022
Agosto,Clifforth,aclifforthlx@tripod.com,contract,project 2,manager,field and base,
Lesley,Dombrell,ldombrellly@vinaora.com,contract,project 6,team lead,field only,2/6/2022
Vonny,Prettyjohn,vprettyjohnlz@si.edu,contract,project 1,supervisor,field and base,26/5/2022
Bambi,Knapper,bknapperm0@reference.com,contract,project 3,manager,field only,29/5/2022
Winston,Streatfield,wstreatfieldm1@mysql.com,contract,project 3,manager,field only,30/5/2022
Marquita,Taile,mtailem2@comsenz.com,permanent,project 1,team lead,field only,2/6/2022
Bess,Bishopp,bbishoppm3@cdc.gov,contract,project 1,manager,field and base,23/5/2022
Caresse,Jesson,cjessonm4@dot.gov,contract,project 4,team lead,field and base,27/5/2022
Wallis,Ballantyne,wballantynem5@wunderground.com,permanent,project 5,manager,field only,2/6/2022
Tymothy,Skunes,tskunesm6@yale.edu,permanent,project 3,team lead,field only,23/5/2022
Derrek,Pashbee,dpashbeem7@etsy.com,contract,project 6,assistant 1,field and base,23/5/2022
Wit,Skillett,wskillettm8@arizona.edu,contract,project 4,manager,field only,29/5/2022
Cristal,Spencook,cspencookm9@paypal.com,contract,project 4,assistant 2,field only,27/5/2022
Dalis,Danher,ddanherma@surveymonkey.com,permanent,project 1,assistant 2,field only,31/5/2022
Lance,Kimber,lkimbermb@scribd.com,contract,project 4,assistant 2,field only,2/6/2022
Dodie,Abate,dabatemc@reddit.com,contract,project 1,supervisor,field and base,
Mathe,Philp,mphilpmd@deliciousdays.com,contract,project 4,assistant 1,field only,26/5/2022
Yetty,Rapelli,yrapellime@wikipedia.org,contract,project 3,supervisor,field only,26/5/2022
Christin,Edney,cedneymf@psu.edu,contract,project 3,assistant 2,field only,24/5/2022
Glenna,Sollett,gsollettmg@homestead.com,contract,project 6,team lead,field only,2/6/2022
Marcella,Volett,mvolettmh@census.gov,contract,project 2,assistant 1,field and base,4/6/2022
Lydia,Mowlam,lmowlammi@gnu.org,contract,project 3,assistant 2,field and base,24/5/2022
Merv,Gratrix,mgratrixmj@usa.gov,contract,project 1,team lead,field only,31/5/2022
Ginny,Bennellick,gbennellickmk@zdnet.com,contract,project 1,assistant 1,field and base,2/6/2022
Tabby,Markussen,tmarkussenml@baidu.com,permanent,project 4,supervisor,field and base,31/5/2022
Judon,Gilhouley,jgilhouleymm@opera.com,permanent,project 4,team lead,field and base,27/5/2022
Jessika,Enga,jengamn@hhs.gov,contract,project 2,assistant 2,field only,25/5/2022
Karoly,Kidney,kkidneymo@bigcartel.com,contract,project 1,assistant 2,field only,25/5/2022
Carole,Leydon,cleydonmp@unc.edu,contract,project 5,manager,field only,28/5/2022
Aldon,Burrows,aburrowsmq@yandex.ru,contract,project 3,manager,field and base,23/5/2022
Ebba,Winslett,ewinslettmr@gnu.org,contract,project 2,team lead,field and base,1/6/2022
Erik,Mandell,emandellms@bloomberg.com,contract,project 6,manager,field and base,23/5/2022
Jehu,Sidebotham,jsidebothammt@i2i.jp,permanent,project 6,manager,field only,23/5/2022
Golda,Buzza,gbuzzamu@skype.com,permanent,project 4,assistant 2,field and base,23/5/2022
Modestia,Morales,mmoralesmv@linkedin.com,permanent,project 3,team lead,field and base,26/5/2022
Bertina,Andryushchenko,bandryushchenkomw@census.gov,permanent,project 1,supervisor,field and base,26/5/2022
Goldy,Rodenborch,grodenborchmx@ow.ly,contract,project 1,supervisor,field only,
Amabel,Spens,aspensmy@godaddy.com,permanent,project 5,manager,field only,26/5/2022
Bearnard,Gummary,bgummarymz@disqus.com,permanent,project 6,manager,field and base,2/6/2022
Lynnell,Pavitt,lpavittn0@tiny.cc,contract,project 1,assistant 1,field and base,29/5/2022
Rheba,Penquet,rpenquetn1@fema.gov,contract,project 4,manager,field and base,
Avery,Strowther,astrowthern2@lulu.com,contract,project 1,assistant 2,field only,1/6/2022
Denyse,Maudlen,dmaudlenn3@virginia.edu,permanent,project 4,assistant 2,field only,
Gasparo,Warner,gwarnern4@nature.com,permanent,project 1,team lead,field only,24/5/2022
Ichabod,Allingham,iallinghamn5@yellowpages.com,contract,project 3,supervisor,field and base,
Rakel,Chezelle,rchezellen6@nba.com,contract,project 3,team lead,field and base,29/5/2022
Bekki,Ryland,brylandn7@jiathis.com,permanent,project 5,assistant 1,field and base,30/5/2022
Far,Lashley,flashleyn8@phpbb.com,permanent,project 3,team lead,field and base,
Axe,Jaycock,ajaycockn9@digg.com,contract,project 2,manager,field only,24/5/2022
Gayla,Altimas,galtimasna@wix.com,permanent,project 4,assistant 1,field only,
Ofella,Cain,ocainnb@ucoz.ru,contract,project 3,supervisor,field only,30/5/2022
Karyn,Horry,khorrync@mit.edu,permanent,project 5,assistant 2,field and base,26/5/2022
Maddalena,Tattersall,mtattersallnd@arstechnica.com,contract,project 3,team lead,field only,29/5/2022
Hayward,Doumic,hdoumicne@feedburner.com,permanent,project 6,supervisor,field only,
Karisa,Gabbetis,kgabbetisnf@boston.com,contract,project 3,team lead,field only,
Romola,Ellett,rellettng@ebay.co.uk,permanent,project 6,manager,field and base,
Anatole,Wolstenholme,awolstenholmenh@tinypic.com,permanent,project 6,supervisor,field and base,26/5/2022
Mab,Earry,mearryni@digg.com,contract,project 4,assistant 2,field only,28/5/2022
Tierney,Brando,tbrandonj@cpanel.net,permanent,project 4,assistant 2,field only,2/6/2022
Gerrard,Trundell,gtrundellnk@php.net,permanent,project 5,team lead,field only,26/5/2022
Trstram,Reveley,treveleynl@icio.us,permanent,project 6,supervisor,field only,2/6/2022
Barbette,Vasilenko,bvasilenkonm@biblegateway.com,permanent,project 4,assistant 2,field and base,30/5/2022
Edwin,Langstone,elangstonenn@wufoo.com,permanent,project 4,assistant 2,field only,27/5/2022
Hadrian,Puffett,hpuffettno@w3.org,contract,project 4,assistant 2,field and base,23/5/2022
Lindsey,Beckinsale,lbeckinsalenp@delicious.com,permanent,project 3,assistant 1,field only,30/5/2022
Madalena,Steinhammer,msteinhammernq@rediff.com,permanent,project 1,assistant 2,field and base,4/6/2022
Rock,Marty,rmartynr@godaddy.com,permanent,project 1,supervisor,field only,31/5/2022
Evie,Peaurt,epeaurtns@harvard.edu,contract,project 6,assistant 2,field only,31/5/2022
Andria,Snoden,asnodennt@themeforest.net,contract,project 6,team lead,field and base,3/6/2022
Gare,Twigge,gtwiggenu@go.com,contract,project 2,assistant 2,field and base,27/5/2022
Trace,Heis,theisnv@youku.com,permanent,project 1,supervisor,field and base,31/5/2022
Gael,Skirlin,gskirlinnw@hexun.com,contract,project 6,assistant 1,field and base,29/5/2022
Franciska,Scain,fscainnx@printfriendly.com,permanent,project 1,team lead,field and base,31/5/2022
Emeline,Lyle,elyleny@weibo.com,contract,project 4,assistant 2,field and base,
Kath,Fraulo,kfraulonz@infoseek.co.jp,contract,project 2,assistant 2,field only,31/5/2022
Dael,Skones,dskoneso0@paginegialle.it,contract,project 4,assistant 1,field and base,4/6/2022
Edeline,Rouch,eroucho1@army.mil,permanent,project 6,supervisor,field and base,1/6/2022
Davida,Calwell,dcalwello2@histats.com,permanent,project 4,supervisor,field and base,4/6/2022
Farleigh,Bredgeland,fbredgelando3@arizona.edu,permanent,project 1,supervisor,field and base,
Emanuel,Buxsy,ebuxsyo4@diigo.com,permanent,project 2,supervisor,field and base,29/5/2022
Gaylord,Runnett,grunnetto5@multiply.com,permanent,project 3,supervisor,field only,26/5/2022
Merilyn,Searle,msearleo6@technorati.com,contract,project 6,manager,field and base,
Josee,Woolford,jwoolfordo7@weebly.com,contract,project 3,assistant 2,field only,24/5/2022
Kalila,Wallsworth,kwallswortho8@ameblo.jp,contract,project 5,manager,field only,25/5/2022
Nonie,Vannacci,nvannaccio9@guardian.co.uk,contract,project 4,assistant 1,field only,29/5/2022
Leigha,Ramiro,lramirooa@webmd.com,permanent,project 1,manager,field only,
Cordelia,Sherry,csherryob@tumblr.com,contract,project 1,assistant 2,field and base,26/5/2022
Ceil,Disley,cdisleyoc@ycombinator.com,permanent,project 1,assistant 1,field only,3/6/2022
Bryant,Brittle,bbrittleod@t-online.de,permanent,project 1,assistant 1,field only,27/5/2022
Nowell,Lambe,nlambeoe@statcounter.com,permanent,project 5,assistant 1,field only,23/5/2022
Fidel,Reichert,freichertof@cpanel.net,contract,project 2,manager,field only,1/6/2022
Angie,Lippiett,alippiettog@dion.ne.jp,permanent,project 6,assistant 2,field and base,1/6/2022
Henri,Neilly,hneillyoh@simplemachines.org,permanent,project 5,assistant 1,field only,
Rubie,Rawlings,rrawlingsoi@prlog.org,permanent,project 3,supervisor,field and base,3/6/2022
Em,Holcroft,eholcroftoj@globo.com,contract,project 3,team lead,field and base,31/5/2022
Nickolai,Lempenny,nlempennyok@stanford.edu,permanent,project 5,team lead,field and base,27/5/2022
Arlan,Lavall,alavallol@dion.ne.jp,contract,project 5,supervisor,field and base,26/5/2022
Malina,Brigstock,mbrigstockom@google.ru,contract,project 2,manager,field and base,27/5/2022
Ramsay,Wessing,rwessingon@flickr.com,contract,project 4,team lead,field and base,4/6/2022
Chrysler,Notti,cnottioo@ft.com,contract,project 6,manager,field and base,25/5/2022
Bogart,Persitt,bpersittop@webeden.co.uk,permanent,project 5,manager,field only,1/6/2022
Kari,Possa,kpossaoq@oaic.gov.au,permanent,project 6,team lead,field only,26/5/2022
Joseph,Stiddard,jstiddardor@un.org,permanent,project 1,assistant 2,field only,25/5/2022
Emelina,Adrienne,eadrienneos@bbc.co.uk,contract,project 6,team lead,field only,27/5/2022
Dulcie,Fitzsimons,dfitzsimonsot@mozilla.org,permanent,project 5,assistant 2,field and base,26/5/2022
Annabelle,Monard,amonardou@nyu.edu,permanent,project 1,supervisor,field and base,30/5/2022
Francyne,Bockler,fbocklerov@skyrock.com,contract,project 4,supervisor,field only,26/5/2022
Di,Stickles,dsticklesow@nymag.com,permanent,project 6,supervisor,field and base,28/5/2022
Jackie,Simonaitis,jsimonaitisox@cmu.edu,contract,project 1,supervisor,field and base,30/5/2022
Kahaleel,Bratten,kbrattenoy@statcounter.com,contract,project 3,manager,field and base,24/5/2022
Standford,Souttar,ssouttaroz@walmart.com,contract,project 6,supervisor,field only,24/5/2022
Humbert,Warratt,hwarrattp0@nifty.com,contract,project 2,team lead,field and base,30/5/2022
Archaimbaud,Dixey,adixeyp1@chicagotribune.com,permanent,project 1,supervisor,field and base,
Ashlin,Lawerence,alawerencep2@1und1.de,contract,project 4,assistant 2,field and base,
Corabel,Carlone,ccarlonep3@fda.gov,contract,project 6,manager,field only,28/5/2022
Stevy,Hinz,shinzp4@twitpic.com,contract,project 5,assistant 1,field only,30/5/2022
Kassia,Petronis,kpetronisp5@themeforest.net,permanent,project 2,assistant 1,field only,24/5/2022
Alexandre,Fasset,afassetp6@howstuffworks.com,contract,project 2,supervisor,field only,
Haroun,Towhey,htowheyp7@timesonline.co.uk,permanent,project 5,assistant 1,field only,
Lavinia,Mance,lmancep8@mashable.com,contract,project 2,team lead,field only,
Tedmund,Hulson,thulsonp9@globo.com,permanent,project 6,assistant 2,field only,1/6/2022
Aldis,Lendon,alendonpa@google.de,permanent,project 1,team lead,field only,
Atlante,Dudny,adudnypb@parallels.com,contract,project 5,assistant 2,field and base,
Nikaniki,Massey,nmasseypc@go.com,contract,project 3,manager,field only,3/6/2022
Townie,Hollingshead,thollingsheadpd@nsw.gov.au,permanent,project 6,assistant 1,field only,
Maurene,Skitt,mskittpe@cornell.edu,permanent,project 5,assistant 2,field and base,28/5/2022
Marci,Saller,msallerpf@yolasite.com,permanent,project 4,assistant 1,field and base,
Viviana,Follows,vfollowspg@usa.gov,permanent,project 1,assistant 2,field and base,2/6/2022
Frederico,Bruyns,fbruynsph@macromedia.com,contract,project 6,supervisor,field only,31/5/2022
Finley,Huffer,fhufferpi@diigo.com,contract,project 4,assistant 2,field and base,28/5/2022
Meriel,Tammadge,mtammadgepj@360.cn,permanent,project 1,assistant 2,field only,2/6/2022
Osborne,Swate,oswatepk@mlb.com,permanent,project 5,team lead,field and base,29/5/2022
Cash,Redhills,credhillspl@symantec.com,permanent,project 3,team lead,field and base,
Maudie,Haye,mhayepm@wikispaces.com,permanent,project 2,assistant 1,field and base,25/5/2022
Antonino,Backhurst,abackhurstpn@amazonaws.com,contract,project 1,assistant 2,field and base,4/6/2022
Noellyn,Doers,ndoerspo@drupal.org,contract,project 5,assistant 2,field only,29/5/2022
Douglas,Mc Comb,dmccombpp@abc.net.au,contract,project 1,assistant 2,field only,28/5/2022
Del,Sherry,dsherrypq@narod.ru,contract,project 4,supervisor,field and base,4/6/2022
Hyman,Alkin,halkinpr@nature.com,permanent,project 4,assistant 1,field and base,25/5/2022
Connor,Thumnel,cthumnelps@scientificamerican.com,permanent,project 5,assistant 1,field only,23/5/2022
Olag,Cavanaugh,ocavanaughpt@blog.com,permanent,project 1,manager,field only,27/5/2022
Chrisy,Lintall,clintallpu@pcworld.com,contract,project 5,manager,field only,30/5/2022
Abbi,Douty,adoutypv@ox.ac.uk,permanent,project 2,manager,field and base,1/6/2022
Karmen,Bole,kbolepw@ebay.com,permanent,project 3,team lead,field only,30/5/2022
Abbott,Daton,adatonpx@amazon.de,contract,project 6,supervisor,field and base,23/5/2022
Marinna,Connick,mconnickpy@shinystat.com,contract,project 3,team lead,field only,3/6/2022
Audry,Van de Castele,avandecastelepz@earthlink.net,permanent,project 2,assistant 1,field and base,3/6/2022
Lisette,Heppner,lheppnerq0@edublogs.org,permanent,project 3,team lead,field only,28/5/2022
Clark,Couthard,ccouthardq1@tripod.com,permanent,project 4,assistant 2,field only,1/6/2022
Nels,Elesander,nelesanderq2@uiuc.edu,contract,project 1,team lead,field and base,31/5/2022
Veronika,Cuer,vcuerq3@unc.edu,permanent,project 5,team lead,field and base,25/5/2022
Junina,Grocott,jgrocottq4@blogger.com,permanent,project 3,supervisor,field only,
Ellary,Ogilvy,eogilvyq5@canalblog.com,contract,project 2,supervisor,field and base,3/6/2022
Christina,Binnion,cbinnionq6@topsy.com,permanent,project 2,assistant 2,field and base,30/5/2022
West,Cottingham,wcottinghamq7@ibm.com,permanent,project 4,assistant 2,field only,25/5/2022
Codie,Rawcliffe,crawcliffeq8@nhs.uk,contract,project 6,manager,field and base,
Teddi,Shotton,tshottonq9@usnews.com,permanent,project 2,team lead,field only,
Pamelina,Snibson,psnibsonqa@google.de,permanent,project 4,team lead,field only,
Waldo,McClunaghan,wmcclunaghanqb@hibu.com,permanent,project 6,assistant 1,field and base,31/5/2022
Florie,Picknett,fpicknettqc@nsw.gov.au,permanent,project 6,team lead,field and base,25/5/2022
Jodee,O'Heneghan,joheneghanqd@about.me,permanent,project 1,assistant 2,field only,4/6/2022
Nessy,Richings,nrichingsqe@google.cn,permanent,project 2,manager,field and base,4/6/2022
Elisha,Fairham,efairhamqf@infoseek.co.jp,contract,project 2,team lead,field and base,31/5/2022
Mirabella,Buchett,mbuchettqg@yandex.ru,contract,project 6,manager,field and base,27/5/2022
Ingram,Pressdee,ipressdeeqh@blogspot.com,contract,project 5,assistant 2,field and base,1/6/2022
Teresa,Capp,tcappqi@msu.edu,contract,project 1,manager,field and base,3/6/2022
Elvin,Sammars,esammarsqj@github.io,contract,project 4,assistant 1,field and base,
Analiese,Yeeles,ayeelesqk@desdev.cn,contract,project 3,assistant 1,field and base,3/6/2022
Alvira,Napper,anapperql@examiner.com,permanent,project 3,team lead,field and base,25/5/2022
Kristos,Conkey,kconkeyqm@cloudflare.com,permanent,project 3,assistant 2,field and base,2/6/2022
Ali,Coverly,acoverlyqn@yellowbook.com,permanent,project 3,team lead,field and base,27/5/2022
Norean,Durie,ndurieqo@biglobe.ne.jp,permanent,project 4,assistant 2,field and base,23/5/2022
Humfrid,Emmitt,hemmittqp@mac.com,permanent,project 1,team lead,field and base,24/5/2022
Elle,Ferriere,eferriereqq@e-recht24.de,contract,project 6,manager,field only,27/5/2022
Kathryne,Gladstone,kgladstoneqr@nymag.com,permanent,project 6,supervisor,field and base,25/5/2022
Fidela,Conrart,fconrartqs@over-blog.com,contract,project 1,supervisor,field only,1/6/2022
Cordy,Cardenosa,ccardenosaqt@disqus.com,permanent,project 5,team lead,field only,27/5/2022
Riley,Milverton,rmilvertonqu@dot.gov,permanent,project 5,assistant 1,field and base,1/6/2022
Edith,De Benedetti,edebenedettiqv@joomla.org,contract,project 5,supervisor,field only,25/5/2022
Essy,Blaes,eblaesqw@senate.gov,contract,project 2,team lead,field only,4/6/2022
Gustaf,Capel,gcapelqx@infoseek.co.jp,contract,project 6,manager,field and base,26/5/2022
Serene,Burgne,sburgneqy@storify.com,contract,project 2,supervisor,field only,24/5/2022
Fred,Hulance,fhulanceqz@barnesandnoble.com,permanent,project 5,manager,field and base,
Waring,Hrinchishin,whrinchishinr0@google.com.au,permanent,project 2,team lead,field and base,27/5/2022
Baxy,Borgesio,bborgesior1@alexa.com,permanent,project 2,assistant 1,field only,23/5/2022
Tremayne,Duffill,tduffillr2@feedburner.com,contract,project 1,team lead,field only,4/6/2022
Kristian,McConnulty,kmcconnultyr3@phpbb.com,permanent,project 1,assistant 1,field and base,
Mallissa,Liddell,mliddellr4@reference.com,permanent,project 2,assistant 2,field and base,27/5/2022
Diane,Gillies,dgilliesr5@weebly.com,permanent,project 5,team lead,field and base,1/6/2022
Cecil,Jain,cjainr6@toplist.cz,permanent,project 2,supervisor,field only,1/6/2022
Kaela,Greenacre,kgreenacrer7@washington.edu,contract,project 5,assistant 2,field only,4/6/2022
Mano,Hamlyn,mhamlynr8@scientificamerican.com,contract,project 5,assistant 1,field only,1/6/2022
Buddy,Smither,bsmitherr9@va.gov,permanent,project 4,supervisor,field only,1/6/2022
Essie,Gierok,egierokra@house.gov,permanent,project 5,team lead,field and base,31/5/2022
Martelle,Summerhayes,msummerhayesrb@weather.com,permanent,project 4,manager,field only,25/5/2022
Bald,Cobley,bcobleyrc@redcross.org,permanent,project 4,supervisor,field and base,31/5/2022
Selinda,Surman,ssurmanrd@ocn.ne.jp,permanent,project 5,team lead,field only,
Amelia,Iwanicki,aiwanickire@msn.com,contract,project 5,assistant 1,field only,3/6/2022
Justinian,Moreing,jmoreingrf@tinyurl.com,permanent,project 3,supervisor,field only,28/5/2022
Alisa,Cranmore,acranmorerg@japanpost.jp,contract,project 6,team lead,field only,23/5/2022
Faber,Doumerc,fdoumercrh@github.io,contract,project 4,supervisor,field only,29/5/2022
Raff,Thomasen,rthomasenri@dagondesign.com,permanent,project 3,team lead,field and base,28/5/2022
Ezekiel,Rilings,erilingsrj@dmoz.org,permanent,project 2,assistant 1,field only,
Megen,Starbuck,mstarbuckrk@reuters.com,contract,project 1,team lead,field only,24/5/2022
Ludovika,Mithan,lmithanrl@cdbaby.com,permanent,project 4,manager,field and base,28/5/2022
Tonye,Oakes,toakesrm@ted.com,contract,project 5,assistant 1,field only,31/5/2022
Hubey,Ceely,hceelyrn@skyrock.com,contract,project 4,assistant 2,field and base,28/5/2022
Kipp,Springthorp,kspringthorpro@tamu.edu,permanent,project 4,supervisor,field only,
Halsy,Kerins,hkerinsrp@biglobe.ne.jp,contract,project 3,manager,field and base,23/5/2022
Stuart,Deboy,sdeboyrq@bbb.org,permanent,project 3,manager,field only,29/5/2022
Doy,Steane,dsteanerr@1und1.de,contract,project 4,assistant 1,field only,3/6/2022
